SET SESSION FOREIGN_KEY_CHECKS=0;
INSERT INTO `type_user` (`type_user_id`, `type_user_name`) VALUES (1, 'ROLE_COORDENADOR_DO_PROJETO'),
(2, 'ROLE_COORDENADOR_PEDAGOGICO'),
(3, 'ROLE_ANALISTA_DESENVOLVEDOR_SISTEMA'),
(4, 'ROLE_TECNICO_INFRAESTRUTURA'),
(5, 'ROLE_TECNICO_ADMINISTRATIVO'),
(6, 'ROLE_SPONSOR'),
(7, 'ROLE_PROFESSOR'),
(8, 'ROLE_ALUNO');

INSERT INTO `situation` (`situation_id`, `situation_name`) VALUES
(1, 'Ativo'),
(2, 'Desistente'),
(3, 'Reprovado'),
(4, 'Ativo / Bolsista'),
(5, 'Desistente / Bolsista'),
(6, 'Reprovado / Bolsista');

INSERT INTO `user` (`user_id`, `user_name`, `user_registration`, `user_user`, `user_password`, `user_email`, `user_telephone`, `user_cpf`, `user_curriculum_vitae`, `user_small_bibliography`, `user_git`, `user_situation_fk`, `user_type_user_fk`) VALUES
(1, 'Daricélio Moreira Soares', 'COR001', 'daricelio', '$2y$10$YIvQ/P5N6RrnIGNlz7K6CejiCc4aOhNVJOZppIAu9VjxibRV21ZJq', 'email@gmail.com', '5568999123548', '66688899944', '', '', NULL, 1, 1),
(2, 'ABIMAEL DE QUEIROZ LIMA', 'ALU002', 'abimaelqm@hotmail.com', '$2y$10$YIvQ/P5N6RrnIGNlz7K6CejiCc4aOhNVJOZppIAu9VjxibRV21ZJq', 'abimaelqm@hotmail.com', 'Não Informado', 'Não Informado', 'Não Informado', 'Não Informado', '', 4, 8),
(3, 'ADOLFO HENRIQUE DOS SANTOS FERNANDES', 'ALU003', 'adolfofernandes@live.com', '$2y$10$YIvQ/P5N6RrnIGNlz7K6CejiCc4aOhNVJOZppIAu9VjxibRV21ZJq', 'adolfofernandes@live.com', 'Não Informado', 'Não Informado #13', 'Não Informado', 'Não Informado', NULL, 2, 8),
(4, 'AILTON DE QUEIROZ CAVALCANTE', 'ALU004', 'ailtonxpert@gmail.com', '$2y$10$YIvQ/P5N6RrnIGNlz7K6CejiCc4aOhNVJOZppIAu9VjxibRV21ZJq', 'ailtonxpert@gmail.com', 'Não Informado', 'Não Informado #14', 'Não Informado', 'Não Informado', NULL, 2, 8),
(5, 'AIRTON ARAÚJO RODRIGUES', 'ALU005', 'airtonrodrigues1986@gmail.com', '$2y$10$YIvQ/P5N6RrnIGNlz7K6CejiCc4aOhNVJOZppIAu9VjxibRV21ZJq', 'airtonrodrigues1986@gmail.com', 'Não Informado', 'Não Informado #15', 'Não Informado', 'Não Informado', NULL, 2, 8),
(6, 'ALISON VINICIUS SANTOS SOARES', 'ALU006', 'viniciussoares024@gmail.com', '$2y$10$YIvQ/P5N6RrnIGNlz7K6CejiCc4aOhNVJOZppIAu9VjxibRV21ZJq', 'viniciussoares024@gmail.com', 'Não Informado', 'Não Informado #16', 'Não Informado', 'Não Informado', NULL, 2, 8),
(7, 'ALISSON MENDONÇA DE LIMA', 'ALU007', 'amlxd5@gmail.com', '$2y$10$YIvQ/P5N6RrnIGNlz7K6CejiCc4aOhNVJOZppIAu9VjxibRV21ZJq', 'amlxd5@gmail.com', 'Não Informado', 'Não Informado #17', 'Não Informado', 'Não Informado', NULL, 4, 8),
(8, 'ALUÍZIO DOS SANTOS CATÃO NETO', 'ALU008', 'aluizio2210@gmail.com', '$2y$10$YIvQ/P5N6RrnIGNlz7K6CejiCc4aOhNVJOZppIAu9VjxibRV21ZJq', 'aluizio2210@gmail.com', 'Não Informado', 'Não Informado #18', 'Não Informado', 'Não Informado', NULL, 1, 8),
(9, 'ANDRÉ DE OLIVEIRA CACAU', 'ALU009', 'andrecacau@gmail.com', '$2y$10$YIvQ/P5N6RrnIGNlz7K6CejiCc4aOhNVJOZppIAu9VjxibRV21ZJq', 'andrecacau@gmail.com', 'Não Informado', 'Não Informado #19', 'Não Informado', 'Não Informado', NULL, 2, 8),
(10, 'ANDRÉ LUIZ DE QUEIROZ DA SILVEIRA', 'ALU0010', 'silveirandreac@gmail.com', '$2y$10$YIvQ/P5N6RrnIGNlz7K6CejiCc4aOhNVJOZppIAu9VjxibRV21ZJq', 'silveirandreac@gmail.com', 'Não Informado', 'Não Informado #20', 'Não Informado', 'Não Informado', NULL, 2, 8),
(11, 'ANDRÉ LUIZ DE SOUZA LIMA JÚNIOR', 'ALU0011', 'andrejunioracre@gmail.com', '$2y$10$YIvQ/P5N6RrnIGNlz7K6CejiCc4aOhNVJOZppIAu9VjxibRV21ZJq', 'andrejunioracre@gmail.com', 'Não Informado', 'Não Informado #21', 'Não Informado', 'Não Informado', NULL, 4, 8),
(12, 'ANDRIELLE DE LIMA BEZERRA', 'ALU0012', 'andrielle.bezerra@gmail.com', '$2y$10$YIvQ/P5N6RrnIGNlz7K6CejiCc4aOhNVJOZppIAu9VjxibRV21ZJq', 'andrielle.bezerra@gmail.com', 'Não Informado', 'Não Informado #22', 'Não Informado', 'Não Informado', NULL, 1, 8),
(13, 'ANTÔNIO FELIPE SANTOS DA CRUZ', 'ALU0013', 'hbmhad@gmail.com', '$2y$10$YIvQ/P5N6RrnIGNlz7K6CejiCc4aOhNVJOZppIAu9VjxibRV21ZJq', 'hbmhad@gmail.com', 'Não Informado', 'Não Informado #23', 'Não Informado', 'Não Informado', NULL, 4, 8),
(14, 'BLAUNER JUNIOR LEITE DANTAS', 'ALU0014', 'blauner.dantas@gmail.com', '$2y$10$YIvQ/P5N6RrnIGNlz7K6CejiCc4aOhNVJOZppIAu9VjxibRV21ZJq', 'blauner.dantas@gmail.com', 'Não Informado', 'Não Informado #24', 'Não Informado', 'Não Informado', NULL, 2, 8),
(15, 'BRUNO PATRICK NASCIMENTO DE SOUZA', 'ALU0015', '021996.bmx@gmail.com', '$2y$10$YIvQ/P5N6RrnIGNlz7K6CejiCc4aOhNVJOZppIAu9VjxibRV21ZJq', '021996.bmx@gmail.com', 'Não Informado', 'Não Informado #25', 'Não Informado', 'Não Informado', NULL, 4, 8),
(16, 'CLEIR DE CASTRO E COSTA FILHO', 'ALU0016', 'cleirfilho@hotmail.com.br', '$2y$10$YIvQ/P5N6RrnIGNlz7K6CejiCc4aOhNVJOZppIAu9VjxibRV21ZJq', 'cleirfilho@hotmail.com.br', 'Não Informado', 'Não Informado #26', 'Não Informado', 'Não Informado', NULL, 1, 8),
(17, 'CLEYCIANE FARIAS DE LIMA', 'ALU0017', 'cleyciane.lima@sou.ufac.br', '$2y$10$YIvQ/P5N6RrnIGNlz7K6CejiCc4aOhNVJOZppIAu9VjxibRV21ZJq', 'cleyciane.lima@sou.ufac.br', 'Não Informado', 'Não Informado #27', 'Não Informado', 'Não Informado', NULL, 1, 8),
(18, 'CRHISTOPHER RIC COELHO SAAR', 'ALU0018', 'cristophersaar@gmail.com', '$2y$10$YIvQ/P5N6RrnIGNlz7K6CejiCc4aOhNVJOZppIAu9VjxibRV21ZJq', 'cristophersaar@gmail.com', 'Não Informado', 'Não Informado #28', 'Não Informado', 'Não Informado', NULL, 4, 8),
(19, 'DAÍNE DE SOUZA DA SILVA', 'ALU0019', 'daine.souza@sou.ufac.br', '$2y$10$YIvQ/P5N6RrnIGNlz7K6CejiCc4aOhNVJOZppIAu9VjxibRV21ZJq', 'daine.souza@sou.ufac.br', 'Não Informado', 'Não Informado #29', 'Não Informado', 'Não Informado', NULL, 2, 8),
(20, 'EDSON CARLOS DE CAMPOS FILHO', 'ALU0020', 'edsoncarlos.filho@gmail.com', '$2y$10$YIvQ/P5N6RrnIGNlz7K6CejiCc4aOhNVJOZppIAu9VjxibRV21ZJq', 'edsoncarlos.filho@gmail.com', 'Não Informado', 'Não Informado #30', 'Não Informado', 'Não Informado', NULL, 1, 8),
(21, 'EDUARDO RENAN DA SILVA NUNES', 'ALU0021', 'eduardo.trigueiro@hotmail.com', '$2y$10$YIvQ/P5N6RrnIGNlz7K6CejiCc4aOhNVJOZppIAu9VjxibRV21ZJq', 'eduardo.trigueiro@hotmail.com', 'Não Informado', 'Não Informado #31', 'Não Informado', 'Não Informado', NULL, 1, 8),
(22, 'ELIAS DE OLIVEIRA CACAU', 'ALU0022', 'elias.cacau@sou.ufac.br', '$2y$10$YIvQ/P5N6RrnIGNlz7K6CejiCc4aOhNVJOZppIAu9VjxibRV21ZJq', 'elias.cacau@sou.ufac.br', 'Não Informado', 'Não Informado #32', 'Não Informado', 'Não Informado', NULL, 4, 8),
(23, 'FELIPE BEZERRA LIMA', 'ALU0023', 'felipe.bezerra@sou.ufac.br', '$2y$10$YIvQ/P5N6RrnIGNlz7K6CejiCc4aOhNVJOZppIAu9VjxibRV21ZJq', 'felipe.bezerra@sou.ufac.br', 'Não Informado', 'Não Informado #33', 'Não Informado', 'Não Informado', NULL, 4, 8),
(24, 'GERLÂNE LIMA DO NASCIMENTO', 'ALU0024', 'gerlima96@gmail.com', '$2y$10$YIvQ/P5N6RrnIGNlz7K6CejiCc4aOhNVJOZppIAu9VjxibRV21ZJq', 'gerlima96@gmail.com', 'Não Informado', 'Não Informado #34', 'Não Informado', 'Não Informado', NULL, 1, 8),
(25, 'GUILHERME PEREIRA DO NASCIMENTO', 'ALU0025', 'guipna@gmail.com', '$2y$10$YIvQ/P5N6RrnIGNlz7K6CejiCc4aOhNVJOZppIAu9VjxibRV21ZJq', 'guipna@gmail.com', 'Não Informado', 'Não Informado #35', 'Não Informado', 'Não Informado', NULL, 4, 8),
(26, 'JORGE LUCAS FONSECA DE ARAÚJO', 'ALU0026', 'jorgesud.ac@hotmail.com', '$2y$10$YIvQ/P5N6RrnIGNlz7K6CejiCc4aOhNVJOZppIAu9VjxibRV21ZJq', 'jorgesud.ac@hotmail.com', 'Não Informado', 'Não Informado #36', 'Não Informado', 'Não Informado', NULL, 2, 8),
(27, 'JOSÉ LEANDRO DA SILVA NASCIMENTO', 'ALU0027', 'j.leandro1998silva@gmail.com', '$2y$10$YIvQ/P5N6RrnIGNlz7K6CejiCc4aOhNVJOZppIAu9VjxibRV21ZJq', 'j.leandro1998silva@gmail.com', 'Não Informado', 'Não Informado #37', 'Não Informado', 'Não Informado', NULL, 4, 8),
(28, 'KAUÃ GALVÃO DE MACEDO', 'ALU0028', 'k.g.a2014@outlook.com', '$2y$10$YIvQ/P5N6RrnIGNlz7K6CejiCc4aOhNVJOZppIAu9VjxibRV21ZJq', 'k.g.a2014@outlook.com', 'Não Informado', 'Não Informado #38', 'Não Informado', 'Não Informado', NULL, 4, 8),
(29, 'LUCAS DE LIMA CHAVES', 'ALU0029', '15lucas.lima15@gmail.com', '$2y$10$YIvQ/P5N6RrnIGNlz7K6CejiCc4aOhNVJOZppIAu9VjxibRV21ZJq', '15lucas.lima15@gmail.com', 'Não Informado', 'Não Informado #39', 'Não Informado', 'Não Informado', NULL, 4, 8),
(30, 'MURILO VIEIRA CARDOSO', 'ALU0030', 'murilovc999@gmail.com', '$2y$10$YIvQ/P5N6RrnIGNlz7K6CejiCc4aOhNVJOZppIAu9VjxibRV21ZJq', 'murilovc999@gmail.com', 'Não Informado', 'Não Informado #40', 'Não Informado', 'Não Informado', NULL, 4, 8),
(31, 'PEDRO VICTOR MORAIS OLIVEIRA', 'ALU0031', 'jumbotus@gmail.com', '$2y$10$YIvQ/P5N6RrnIGNlz7K6CejiCc4aOhNVJOZppIAu9VjxibRV21ZJq', 'jumbotus@gmail.com', 'Não Informado', 'Não Informado #41', 'Não Informado', 'Não Informado', NULL, 4, 8),
(32, 'RAFAEL HENRIQUE RAMALHO BARROS', 'ALU0032', 'rafael.aoquadrado18@gmail.com', '$2y$10$YIvQ/P5N6RrnIGNlz7K6CejiCc4aOhNVJOZppIAu9VjxibRV21ZJq', 'rafael.aoquadrado18@gmail.com', 'Não Informado', 'Não Informado #42', 'Não Informado', 'Não Informado', NULL, 2, 8),
(33, 'RODRIGO DA SILVA BRITO', 'ALU0033', 'rodrigobs', '$2y$10$YIvQ/P5N6RrnIGNlz7K6CejiCc4aOhNVJOZppIAu9VjxibRV21ZJq', 'rodrigo.bs.548@gmail.com', 'Não Informado', 'Não Informado #43', 'Não Informado', 'Não Informado', NULL, 4, 8),
(34, 'TIAGO DA SILVA OLIVEIRA', 'ALU0034', 'silva.tiago@sou.ufac.br', '$2y$10$YIvQ/P5N6RrnIGNlz7K6CejiCc4aOhNVJOZppIAu9VjxibRV21ZJq', 'silva.tiago@sou.ufac.br', 'Não Informado', 'Não Informado #44', 'Não Informado', 'Não Informado', NULL, 2, 8),
(35, 'VICTÓRIA KAROLINA DE LIMA CAVALCANTE', 'ALU0035', 'victoriaklcavalcante@gmail.com', '$2y$10$YIvQ/P5N6RrnIGNlz7K6CejiCc4aOhNVJOZppIAu9VjxibRV21ZJq', 'victoriaklcavalcante@gmail.com', 'Não Informado', 'Não Informado #45', 'Não Informado', 'Não Informado', NULL, 4, 8),
(36, 'WENDEL LUCAS FIGUEIREDO DA SILVA', 'ALU0036', 'wendellucas93@hotmail.com', '$2y$10$YIvQ/P5N6RrnIGNlz7K6CejiCc4aOhNVJOZppIAu9VjxibRV21ZJq', 'wendellucas93@hotmail.com', 'Não Informado', 'Não Informado #46', 'Não Informado', 'Não Informado', NULL, 2, 8),
(37, 'JOSÉ GUILHERME PINHEIRO GOMES', 'ALU0037', 'guilhermepinheiro082005@gmail.com', '$2y$10$YIvQ/P5N6RrnIGNlz7K6CejiCc4aOhNVJOZppIAu9VjxibRV21ZJq', 'guilhermepinheiro082005@gmail.com', 'Não Informado', 'Não Informado #47', 'Não Informado', 'Não Informado', NULL, 2, 8),
(38, 'CHAMEISON LIMA DE ARÁUJO', 'ALU0038', 'chameison.acre@gmail.com', '$2y$10$YIvQ/P5N6RrnIGNlz7K6CejiCc4aOhNVJOZppIAu9VjxibRV21ZJq', 'chameison.acre@gmail.com', 'Não Informado', 'Não Informado #48', 'Não Informado', 'Não Informado', NULL, 4, 8),
(39, 'DANIEL ELIAS SANTOS SOUZA', 'ALU0039', 'danielelias3001@gmail.com', '$2y$10$YIvQ/P5N6RrnIGNlz7K6CejiCc4aOhNVJOZppIAu9VjxibRV21ZJq', 'danielelias3001@gmail.com', 'Não Informado', 'Não Informado #49', 'Não Informado', 'Não Informado', NULL, 4, 8),
(40, 'EWERTON RUIZ DE ALMADA', 'ALU0040', 'ewertonruiz@gmail.com', '$2y$10$YIvQ/P5N6RrnIGNlz7K6CejiCc4aOhNVJOZppIAu9VjxibRV21ZJq', 'ewertonruiz@gmail.com', 'Não Informado', 'Não Informado #50', 'Não Informado', 'Não Informado', NULL, 4, 8),
(41, 'EZEQUIEL DA SILVA OLIVEIRA', 'ALU0041', 'ezequieloliveirapessoal@outlook.com', '$2y$10$YIvQ/P5N6RrnIGNlz7K6CejiCc4aOhNVJOZppIAu9VjxibRV21ZJq', 'ezequieloliveirapessoal@outlook.com', 'Não Informado', 'Não Informado #51', 'Não Informado', 'Não Informado', NULL, 4, 8),
(42, 'FABIANA SUSSUARANA DA SILVA', 'ALU0042', 'bianasussuaranadasilva17@gmail.com', '$2y$10$YIvQ/P5N6RrnIGNlz7K6CejiCc4aOhNVJOZppIAu9VjxibRV21ZJq', 'bianasussuaranadasilva17@gmail.com', 'bianasussuaranadasilva17@gmail.com', 'Não Informado #52', 'Não Informado', 'Não Informado', 'fabisussuarana', 4, 8),
(43, 'GABRIEL BATISTA DOS SANTOS', 'ALU0043', 'gabriel.santos@sou.ufac.br', '$2y$10$YIvQ/P5N6RrnIGNlz7K6CejiCc4aOhNVJOZppIAu9VjxibRV21ZJq', 'gabriel.santos@sou.ufac.br', 'Não Informado', 'Não Informado #53', 'Não Informado', 'Não Informado', NULL, 4, 8),
(44, 'HERMANN DOUGLAS BEZERRA DE ALMEIDA', 'ALU0044', 'hermann.hdba@gmail.com', '$2y$10$YIvQ/P5N6RrnIGNlz7K6CejiCc4aOhNVJOZppIAu9VjxibRV21ZJq', 'hermann.hdba@gmail.com', 'Não Informado', 'Não Informado #54', 'Não Informado', 'Não Informado', NULL, 4, 8),
(45, 'JOÃO VICTOR MENDES LEITE COSTA', 'ALU0045', 'joaodev21@gmail.com', '$2y$10$YIvQ/P5N6RrnIGNlz7K6CejiCc4aOhNVJOZppIAu9VjxibRV21ZJq', 'joaodev21@gmail.com', 'Não Informado', 'Não Informado #55', 'Não Informado', 'Não Informado', NULL, 4, 8),
(46, 'JONATAN RODRIGUES BORGES FRAGOSO', 'ALU0046', 'jonatanfragoso@gmail.com', '$2y$10$YIvQ/P5N6RrnIGNlz7K6CejiCc4aOhNVJOZppIAu9VjxibRV21ZJq', 'jonatanfragoso@gmail.com', 'Não Informado', 'Não Informado #56', 'Não Informado', 'Não Informado', NULL, 4, 8),
(47, 'JULIANA ABREU DA CUNHA', 'ALU0047', 'abreu.juliana@sou.ufac.br', '$2y$10$YIvQ/P5N6RrnIGNlz7K6CejiCc4aOhNVJOZppIAu9VjxibRV21ZJq', 'abreu.juliana@sou.ufac.br', 'Não Informado', 'Não Informado #57', 'Não Informado', 'Não Informado', NULL, 4, 8),
(48, 'LETÍCIA ESTÉFFANY SILVA DE PAULA', 'ALU0048', 'leticia.paula@sou.ufac.br', '$2y$10$YIvQ/P5N6RrnIGNlz7K6CejiCc4aOhNVJOZppIAu9VjxibRV21ZJq', 'leticia.paula@sou.ufac.br', 'Não Informado', 'Não Informado #58', 'Não Informado', 'Não Informado', NULL, 4, 8),
(49, 'LUIZ FELIPE NASCIMENTO DA ROCHA', 'ALU0049', 'luizflpcapi@gmail.com', '$2y$10$YIvQ/P5N6RrnIGNlz7K6CejiCc4aOhNVJOZppIAu9VjxibRV21ZJq', 'luizflpcapi@gmail.com', 'Não Informado', 'Não Informado #59', 'Não Informado', 'Não Informado', NULL, 4, 8),
(50, 'MARCOS GUILHERME SOUSA ROCHA', 'ALU0050', 'marcos.rocha@sou.ufac.br', '$2y$10$YIvQ/P5N6RrnIGNlz7K6CejiCc4aOhNVJOZppIAu9VjxibRV21ZJq', 'marcos.rocha@sou.ufac.br', 'Não Informado', 'Não Informado #60', 'Não Informado', 'Não Informado', NULL, 4, 8),
(51, 'NATÁLIA DE OLIVEIRA FREIRE', 'ALU0051', 'natalia.freire@sou.ufac.br', '$2y$10$YIvQ/P5N6RrnIGNlz7K6CejiCc4aOhNVJOZppIAu9VjxibRV21ZJq', 'natalia.freire@sou.ufac.br', 'Não Informado', 'Não Informado #61', 'Não Informado', 'Não Informado', NULL, 4, 8),
(52, 'THARLIS SAMPAIO SEIXAS', 'ALU0052', 'tharlis.sampaio@outlook.com', '$2y$10$YIvQ/P5N6RrnIGNlz7K6CejiCc4aOhNVJOZppIAu9VjxibRV21ZJq', 'tharlis.sampaio@outlook.com', 'Não Informado', 'Não Informado #62', 'Não Informado', 'Não Informado', NULL, 4, 8),
(53, 'UDERLÂNIO VINÍCIOS VASCONCELOS DE LIMA', 'ALU0053', 'uderlanio.lima@sou.ufac.br', '$2y$10$YIvQ/P5N6RrnIGNlz7K6CejiCc4aOhNVJOZppIAu9VjxibRV21ZJq', 'uderlanio.lima@sou.ufac.br', 'Não Informado', 'Não Informado #63', 'Não Informado', 'Não Informado', NULL, 4, 8),
(54, 'VINICIUS RIBEIRO DE SOUZA', 'ALU0054', 'vinicius.ribeiro27@hotmail.com', '$2y$10$YIvQ/P5N6RrnIGNlz7K6CejiCc4aOhNVJOZppIAu9VjxibRV21ZJq', 'vinicius.ribeiro27@hotmail.com', 'Não Informado', 'Não Informado #64', 'Não Informado', 'Não Informado', NULL, 2, 8),
(55, 'VICTOR ALEXANDRE LIMA RIBEIRO', 'ALU0055', 'victoralexandre922@gmail.com', '$2y$10$YIvQ/P5N6RrnIGNlz7K6CejiCc4aOhNVJOZppIAu9VjxibRV21ZJq', 'victoralexandre922@gmail.com', 'victoralexandre922@gmail.com', 'Não Informado #65', 'Não Informado', 'Dev fullstack em treinamento.', 'vyctor922', 4, 8),
(56, 'WYDENMAIRION SILVA DA ROCHA', 'ALU0056', 'wydemairomsilva@gmail.com', '$2y$10$YIvQ/P5N6RrnIGNlz7K6CejiCc4aOhNVJOZppIAu9VjxibRV21ZJq', 'wydemairomsilva@gmail.com', 'wydemairomsilva@gmail.com', 'Não Informado #66', 'Não Informado', 'Desenvolvedor Pleno Full-Stack', 'https://github.com/WillDevAc', 4, 8),
(57, 'ADEGILSON GOMES DA SILVA', 'ALU0057', 'adegilsongs2013@gmail.com', '$2y$10$YIvQ/P5N6RrnIGNlz7K6CejiCc4aOhNVJOZppIAu9VjxibRV21ZJq', 'adegilsongs2013@gmail.com', 'adegilsongs2013@gmail.com', 'Não Informado #67', 'Não Informado', '', '@NaelGodis', 4, 8),
(58, 'BEATRIZ NASCIMENTO GOMES', 'ALU0058', 'beanascigom@gmail.com', '$2y$10$YIvQ/P5N6RrnIGNlz7K6CejiCc4aOhNVJOZppIAu9VjxibRV21ZJq', 'beanascigom@gmail.com', 'Não Informado', 'Não Informado #68', 'Não Informado', 'Não Informado', NULL, 1, 8),
(59, 'HEDELVAN BARBOSA DA COSTA', 'ALU0059', 'hedelvan.sistema@gmail.com', '$2y$10$YIvQ/P5N6RrnIGNlz7K6CejiCc4aOhNVJOZppIAu9VjxibRV21ZJq', 'hedelvan.sistema@gmail.com', 'Não Informado', 'Não Informado #69', 'Não Informado', 'Não Informado', NULL, 1, 8),
(60, 'ITHALO SILVA VASCONCELOS', 'ALU0060', 'ithalo.vasconcelos@gmail.com', '$2y$10$YIvQ/P5N6RrnIGNlz7K6CejiCc4aOhNVJOZppIAu9VjxibRV21ZJq', 'ithalo.vasconcelos@gmail.com', 'Não Informado', 'Não Informado #70', 'Não Informado', 'Não Informado', NULL, 2, 8),
(61, 'JOSÉ NOGUEIRA DA COSTA NETO', 'ALU0061', 'jnognet@gmail.com', '$2y$10$YIvQ/P5N6RrnIGNlz7K6CejiCc4aOhNVJOZppIAu9VjxibRV21ZJq', 'jnognet@gmail.com', 'Não Informado', 'Não Informado #71', 'Não Informado', 'Não Informado', NULL, 1, 8),
(62, 'LUAN REIS DE LIMA', 'ALU0062', 'luanreis600@gmail.com', '$2y$10$YIvQ/P5N6RrnIGNlz7K6CejiCc4aOhNVJOZppIAu9VjxibRV21ZJq', 'luanreis600@gmail.com', 'Não Informado', 'Não Informado #72', 'Não Informado', 'Não Informado', NULL, 1, 8),
(63, 'MARCOS HENRIQUE CORREA DA SILVA D AVILA', 'ALU0063', 'marcossistemas.ac@gmail.com', '$2y$10$YIvQ/P5N6RrnIGNlz7K6CejiCc4aOhNVJOZppIAu9VjxibRV21ZJq', 'marcossistemas.ac@gmail.com', 'Não Informado', 'Não Informado #73', 'Não Informado', 'Não Informado', NULL, 4, 8),
(64, 'PEDRO ANTÔNIO DE OLIVEIRA NASCIMENTO', 'ALU0064', 'pedro-antonio-13@hotmail.com', '$2y$10$YIvQ/P5N6RrnIGNlz7K6CejiCc4aOhNVJOZppIAu9VjxibRV21ZJq', 'pedro-antonio-13@hotmail.com', 'Não Informado', 'Não Informado #74', 'Não Informado', 'Não Informado', NULL, 4, 8),
(65, 'TAILAN DA COSTA ABREU', 'ALU0065', 'tailanabreuads@gmail.com', '$2y$10$YIvQ/P5N6RrnIGNlz7K6CejiCc4aOhNVJOZppIAu9VjxibRV21ZJq', 'tailanabreuads@gmail.com', 'Não Informado', 'Não Informado #75', 'Não Informado', 'Não Informado', NULL, 1, 8),
(66, 'WALLISON SANTOS FERREIRA', 'ALU0066', 'contato.sanfer@gmail.com', '$2y$10$YIvQ/P5N6RrnIGNlz7K6CejiCc4aOhNVJOZppIAu9VjxibRV21ZJq', 'contato.sanfer@gmail.com', 'Não Informado', 'Não Informado #76', 'Não Informado', 'Não Informado', NULL, 1, 8),
(67, 'WELLIGTON SUSSUARANA LINS', 'ALU0067', 'welligtonlinsufac@gmail.com', '$2y$10$YIvQ/P5N6RrnIGNlz7K6CejiCc4aOhNVJOZppIAu9VjxibRV21ZJq', 'welligtonlinsufac@gmail.com', 'Não Informado', 'Não Informado #77', 'Não Informado', 'Não Informado', NULL, 4, 8),
(68, 'MATEUS DA SILVA COSTA', 'ALU0068', 'msc.mateus@hotmail.com', '$2y$10$YIvQ/P5N6RrnIGNlz7K6CejiCc4aOhNVJOZppIAu9VjxibRV21ZJq', 'msc.mateus@hotmail.com', 'Não Informado', 'Não Informado #78', 'Não Informado', 'Não Informado', NULL, 1, 8),
(69, 'FELIPE GOMES GADELHA', 'ALU0069', 'felipegadelha062@gmail.com', '$2y$10$YIvQ/P5N6RrnIGNlz7K6CejiCc4aOhNVJOZppIAu9VjxibRV21ZJq', 'felipegadelha062@gmail.com', 'Não Informado', 'Não Informado #79', 'Não Informado', 'Não Informado', NULL, 4, 8),
(70, 'ELIAS DA CRUZ DE SOUZA JUNIOR', 'ALU0070', 'eliascruznocjr123@gmail.com', '$2y$10$YIvQ/P5N6RrnIGNlz7K6CejiCc4aOhNVJOZppIAu9VjxibRV21ZJq', 'eliascruznocjr123@gmail.com', 'eliascruznocjr123@gmail.com', 'Não Informado #80', 'Não Informado', 'Não Informado', 'NOCKjr', 4, 8),
(71, 'BENTO LUIZ HERTZ VIANA', 'ALU0071', 'bentoluiz50@gmail.com', '$2y$10$YIvQ/P5N6RrnIGNlz7K6CejiCc4aOhNVJOZppIAu9VjxibRV21ZJq', 'bentoluiz50@gmail.com', 'Não Informado', 'Não Informado #81', 'Não Informado', 'Não Informado', NULL, 1, 8),
(72, 'Paulo Sampaio de Lima Júnior', 'ADS001', 'paulo.sampaio', '$2y$10$YIvQ/P5N6RrnIGNlz7K6CejiCc4aOhNVJOZppIAu9VjxibRV21ZJq', 'paulo.sampaio88@gmail.com', '5568999132505', 'Não Informado #82', 'Não Informado', 'Não Informado', NULL, 1, 3),
(73, 'Fred Tavares', 'PRO001', 'fred_tavares', '$2y$10$YIvQ/P5N6RrnIGNlz7K6CejiCc4aOhNVJOZppIAu9VjxibRV21ZJq', 'email@gmail.com', '5568984112233', '22233366688', 'Vazio', 'Vazio', 'vazio', 1, 7),
(74, 'Daniel', 'PRO002', 'daniel', '$2y$10$YIvQ/P5N6RrnIGNlz7K6CejiCc4aOhNVJOZppIAu9VjxibRV21ZJq', 'email@gmail.com', '5568984112233', '99988877755', 'Vazio', 'Vazio', 'Vazio', 1, 7),
(75, 'Catarina Costa', 'PRO003', 'catarina_costa', '$2y$10$YIvQ/P5N6RrnIGNlz7K6CejiCc4aOhNVJOZppIAu9VjxibRV21ZJq', 'email@gmail.com', '5568998451236', '22233355566', 'Vazio', 'Vazio', 'Vazio', 1, 7),
(76, 'André Luiz Nasserala', 'PRO004', 'andre_luiz', '$2y$10$YIvQ/P5N6RrnIGNlz7K6CejiCc4aOhNVJOZppIAu9VjxibRV21ZJq', 'email@gmail.com', '5568984112233', '00022233355', 'vazio', 'vazio', 'vazio', 1, 7),
(77, 'Victor Antunes', 'PRO005', 'victor', '$2y$10$YIvQ/P5N6RrnIGNlz7K6CejiCc4aOhNVJOZppIAu9VjxibRV21ZJq', 'email@gmail.com', '5568999885522', '22233344455', 'Vazio', 'Vazio', 'Vazio', 1, 7),
(78, 'José Jair Cavalcante de Figueiredo', 'PRO006', 'jose_jair', '$2y$10$YIvQ/P5N6RrnIGNlz7K6CejiCc4aOhNVJOZppIAu9VjxibRV21ZJq', 'email@gmail.com', '5568999885522', '11122233344', 'Vazio', 'Vazio', 'Vazio', 1, 7),
(79, 'Anonimo', 'ALU0080', 'Anonimo', '$2a$10$WicSZ5BMlh9FE40DP8.AhO5hIcca.lAsmA56K1IoYJQ4MSmb19V.G', 'anonimo@gmail.com', '5568999885522', '11122233344', 'Vazio', 'Vazio', 'Vazio', 1, 7),
(80, 'Estudante', 'ALU0081', 'Estudante', '$2a$10$WicSZ5BMlh9FE40DP8.AhO5hIcca.lAsmA56K1IoYJQ4MSmb19V.G', 'estudante@gmail.com', '5568999885522', '11122233344', 'Vazio', 'Vazio', 'Vazio', 1, 8),
(81, 'Professor', 'PRO0080', 'Professor', '$2a$10$WicSZ5BMlh9FE40DP8.AhO5hIcca.lAsmA56K1IoYJQ4MSmb19V.G', 'professor@gmail.com', '5568999885522', '11122233344', 'Vazio', 'Vazio', 'Vazio', 1, 7),
(82, 'Coordenador', 'COR0080', 'Coordenador', '$2a$10$WicSZ5BMlh9FE40DP8.AhO5hIcca.lAsmA56K1IoYJQ4MSmb19V.G', 'coordador@gmail.com', '5568999885522', '11122233344', 'Vazio', 'Vazio', 'Vazio', 1, 1);

INSERT INTO `training` (`training_id`, `training_name`, `training_coordinator_fk`, `training_workload`, `training_start_date`, `training_end_date`) VALUES
(1, 'WEB ACADEMY - Capacitação em Desenvolvimento Web Full-Stack', 1, 620, '2022-03-07', '2023-03-22');

INSERT INTO `laboratory` (`laboratory_id`, `laboratory_name`, `laboratory_localization`, `laboratory_open_time`, `laboratory_close_time`) VALUES
(1, 'Lab 01', '','13:00:00','21:00:00');

INSERT INTO `classroom` (`classroom_id`, `classroom_name`, `classroom_training_fk`, `classroom_start_date`, `classroom_end_date`, `classroom_laboratory_fk`) VALUES
(1, 'Turma 01', 1, '2022-03-07', '2022-10-27', 1),(2, 'Turma 02', 1, '2022-08-01', '2023-03-22', 1);

INSERT INTO `admin` (`admin_id`, `admin_user_fk`, `admin_training_fk`) VALUES
(1, 72, 1);

INSERT INTO `technical_knowledge` (`technical_knowledge_id`) VALUES
(1),
(2),
(3),
(4),
(5),
(6),
(7),
(8),
(9),
(10),
(11),
(12),
(13),
(14),
(15),
(16),
(17),
(18),
(19),
(20),
(21),
(22),
(23),
(24),
(25),
(26),
(27),
(28),
(29),
(30),
(31),
(32),
(33),
(34),
(35),
(36),
(37),
(38),
(39),
(40),
(41),
(42),
(43),
(44),
(45),
(46),
(47),
(48),
(49),
(50),
(51),
(52),
(53),
(54),
(55),
(56),
(57),
(58),
(59),
(60),
(61),
(62),
(63),
(64),
(65),
(66),
(67),
(68),
(69),
(70);

INSERT INTO `socioeconomic_information` (`socioeconomic_information_id`) VALUES
(1),
(2),
(3),
(4),
(5),
(6),
(7),
(8),
(9),
(10),
(11),
(12),
(13),
(14),
(15),
(16),
(17),
(18),
(19),
(20),
(21),
(22),
(23),
(24),
(25),
(26),
(27),
(28),
(29),
(30),
(31),
(32),
(33),
(34),
(35),
(36),
(37),
(38),
(39),
(40),
(41),
(42),
(43),
(44),
(45),
(46),
(47),
(48),
(49),
(50),
(51),
(52),
(53),
(54),
(55),
(56),
(57),
(58),
(59),
(60),
(61),
(62),
(63),
(64),
(65),
(66),
(67),
(68),
(69),
(70);

INSERT INTO `student` (`student_id`, `student_user_fk`, `student_classroom_fk`,`student_socioeconomic_information_fk`,`student_technical_knowledge_fk`) VALUES
(1, 2, 1, 1, 1),
(2, 3, 1, 2, 2),
(3, 4, 1, 3, 3),
(4, 5, 1, 4, 4),
(5, 6, 1, 5, 5),
(6, 7, 1, 6, 6),
(7, 8, 1, 7, 7),
(8, 9, 1, 8, 8),
(9, 10, 1, 9, 9),
(10, 11, 1, 10, 10),
(11, 12, 1, 11, 11),
(12, 13, 1, 12, 12),
(13, 14, 1, 13, 13),
(14, 15, 1, 14, 14),
(15, 16, 1, 15, 15),
(16, 17, 1, 16, 16),
(17, 18, 1, 17, 17),
(18, 19, 1, 18, 18),
(19, 20, 1, 19, 19),
(20, 21, 1, 20, 20),
(21, 22, 1, 21, 21),
(22, 23, 1, 22, 22),
(23, 24, 1, 23, 23),
(24, 25, 1, 24, 24),
(25, 26, 1, 25, 25),
(26, 27, 1, 26, 26),
(27, 28, 1, 27, 27),
(28, 29, 1, 28, 28),
(29, 30, 1, 29, 29),
(30, 31, 1, 30, 30),
(31, 32, 1, 31, 31),
(32, 33, 1, 32, 32),
(33, 34, 1, 33, 33),
(34, 35, 1, 34, 34),
(35, 36, 1, 35, 35),
(37, 37, 2, 36, 36),
(38, 38, 2, 37, 37),
(39, 39, 2, 38, 38),
(40, 40, 2, 39, 39),
(41, 41, 2, 40, 40),
(42, 42, 2, 41, 41),
(43, 43, 2, 42, 42),
(44, 44, 2, 43, 43),
(45, 45, 2, 44, 44),
(46, 46, 2, 45, 45),
(47, 47, 2, 46, 46),
(48, 48, 2, 47, 47),
(49, 49, 2, 48, 48),
(50, 50, 2, 49, 49),
(51, 51, 2, 50, 50),
(52, 52, 2, 51, 51),
(53, 53, 2, 52, 52),
(54, 54, 2, 53, 53),
(55, 55, 2, 54, 54),
(56, 56, 2, 55, 55),
(57, 57, 2, 56, 56),
(58, 58, 2, 57, 57),
(59, 59, 2, 58, 58),
(60, 60, 2, 59, 59),
(61, 61, 2, 60, 60),
(62, 62, 2, 61, 61),
(63, 63, 2, 62, 62),
(64, 64, 2, 63, 63),
(65, 65, 2, 64, 64),
(66, 66, 2, 65, 65),
(67, 67, 2, 66, 66),
(68, 68, 2, 67, 67),
(69, 69, 2, 68, 68),
(70, 70, 2, 69, 69),
(71, 71, 2, 70, 70);

INSERT INTO `teacher` (`teacher_id`, `teacher_user_fk`, `teacher_training_fk`) VALUES
(1, 73, 1),
(2, 74, 1),
(3, 75, 1),
(4, 76, 1),
(5, 55, 1),
(6, 78, 1),
(7, 72, 1),
(8, 77, 1);

INSERT INTO `record_class` (`record_class_id`, `record_class_date_entry`, `record_class_date_exit`, `record_class_classroom_fk`, `record_class_subject_fk`) VALUES
(3, '2022-11-17 18:11:59', '2022-11-17 18:11:59', 2, 21);

INSERT INTO `admin` (`admin_id`, `admin_user_fk`, `admin_training_fk`) VALUES
(1, 72, 1);


INSERT INTO `subject` (`subject_id`, `subject_name`, `subject_workload`, `subject_number_classes`, `subject_start_date`, `subject_end_date`, `subject_teacher_fk`, `subject_classroom_fk`, `subject_training_fk`) VALUES
(1, 'Design Thinking', 10, 0, '2022-03-21', '2022-03-24', 1, 1, 1),
(2, 'Fundamentos de Front-end e Back-end', 30, 0, '2022-03-25', '2022-04-08', 1, 1, 1),
(3, 'Tópicos Fundamentais', 20, 0, '2022-03-10', '2022-03-18', 2, 1, 1),
(4, 'Computação em Nuvem', 15, 0, '2022-04-11', '2022-04-20', 3, 1, 1),
(5, 'Framework Front-end e Back-end', 30, 0, '2022-04-25', '2022-05-10', 1, 1, 1),
(6, 'Testes', 15, 0, '2022-05-16', '2022-05-26', 1, 1, 1),
(7, 'Atividade de Laboratório ', 8, 0, '2022-05-11', '2022-05-13', 4, 1, 1),
(8, 'Integração Contínua', 10, 0, '2022-05-30', '2022-06-03', 1, 1, 1),
(9, 'Front-end e Back-end Avançado', 50, 0, '2022-06-06', '2022-07-22', 5, 1, 1),
(10, 'Tópicos Emergentes em Web-mobile', 15, 8, '2022-07-22', '2022-07-29', 1, 1, 1),
(11, 'Hands on', 105, 50, '2022-08-01', '2022-10-26', 5, 1, 1),
(12, 'Tópicos fundamentas', 20, 10, '2022-08-01', '2022-08-12', 2, 2, 1),
(13, 'Ux e Design Thinking', 10, 5, '2022-08-15', '2022-08-19', 1, 2, 1),
(14, 'Fundamentos de Programação Front-end', 15, 7, '2022-08-22', '2022-08-31', 1, 2, 1),
(15, 'Fundamentos de Programação Back-end', 15, 7, '2022-09-01', '2022-09-14', 1, 2, 1),
(16, 'Computação em Nuvem', 15, 7, '2022-09-15', '2022-09-23', 3, 2, 1),
(17, 'Frameworks Back-end', 15, 8, '2022-09-26', '2022-10-03', 1, 2, 1),
(18, 'Frameworks Front-end', 15, 7, '2022-10-04', '2022-10-14', 1, 2, 1),
(19, 'Testes', 15, 7, '2022-10-17', '2022-10-25', 1, 2, 1),
(20, 'Atividades Complementares / Aula Extra', 8, 4, '2022-10-26', '2022-10-31', 4, 2, 1),
(21, 'Aula Extra', 2, 1, '2022-10-31', '2022-10-31', 4, 2, 1),
(22, 'Back-End Avançado', 25, 9, '2022-11-01', '2022-11-14', 5, 2, 1),
(23, 'Integração Continua', 10, 4, '2022-11-16', '2022-11-21', 1, 2, 1),
(24, 'Tópicos Emergentes', 20, 7, '2022-11-22', '2022-12-01', 1, 2, 1),
(25, 'Tópicos Avançados Front-End', 25, 10, '2022-12-05', '2022-12-16', 5, 2, 1),
(26, 'Hands-On', 105, 41, '2022-12-19', '2023-02-27', 4, 2, 1);


INSERT INTO `checkin` (`checkin_id`, `checkin_entry`, `checkin_exit`, `checkin_status`, `checkin_classroom_fk`, `checkin_subject_fk`, `checkin_student_fk`, `checkin_valid`) VALUES
(1, '2022-03-28 15:03:31', '2022-03-28 19:56:24', 1, 1, 2, 6, 1),
(2, '2022-03-28 15:04:06', '2022-03-28 19:50:48', 1, 1, 2, 1, 1),
(3, '2022-03-28 15:04:40', '2022-03-28 19:50:21', 1, 1, 2, 33, 1),
(4, '2022-03-28 15:06:56', '2022-03-28 19:51:47', 1, 1, 2, 12, 1),
(5, '2022-03-28 15:09:34', '2022-03-28 19:50:55', 1, 1, 2, 14, 1),
(6, '2022-03-28 15:14:42', '2022-03-28 19:50:59', 1, 1, 2, 27, 1),
(7, '2022-03-28 15:24:55', '2022-03-28 19:57:05', 1, 1, 2, 34, 1),
(8, '2022-03-28 15:27:08', '2022-03-28 19:52:09', 1, 1, 2, 10, 1),
(9, '2022-03-28 15:27:34', '2022-03-28 19:52:16', 1, 1, 2, 28, 1),
(10, '2022-03-28 15:27:50', '2022-03-28 19:50:33', 1, 1, 2, 26, 1),
(11, '2022-03-28 15:35:40', '2022-03-28 19:30:00', 1, 1, 2, 31, 1),
(12, '2022-03-28 15:36:48', '2022-03-28 19:51:13', 1, 1, 2, 17, 1),
(13, '2022-03-28 15:36:54', '2022-03-28 19:53:06', 1, 1, 2, 24, 1),
(14, '2022-03-28 16:05:50', '2022-03-28 19:50:06', 1, 1, 2, 20, 1),
(15, '2022-03-28 16:40:06', '2022-03-28 19:50:23', 1, 1, 2, 29, 1),
(16, '2022-03-28 16:43:32', '2022-03-28 19:51:34', 1, 1, 2, 21, 1),
(17, '2022-03-28 16:52:01', '2022-03-28 19:51:06', 1, 1, 2, 7, 1),
(18, '2022-03-28 16:54:36', '2022-03-28 19:50:11', 1, 1, 2, 32, 1),
(19, '2022-03-28 16:55:48', '2022-03-28 19:50:12', 1, 1, 2, 3, 1),
(20, '2022-03-28 16:56:36', '2022-03-28 19:52:19', 1, 1, 2, 23, 1),
(21, '2022-03-28 17:01:20', '2022-03-28 19:50:27', 1, 1, 2, 13, 1),
(22, '2022-03-28 17:13:36', '2022-03-28 19:30:00', 1, 1, 2, 19, 1),
(23, '2022-03-28 17:21:13', '2022-03-28 20:00:00', 1, 1, 2, 30, 1),
(24, '2022-03-28 17:23:33', '2022-03-28 19:49:58', 1, 1, 2, 35, 1),
(25, '2022-03-28 17:24:21', '2022-03-28 19:50:19', 1, 1, 2, 15, 1),
(26, '2022-03-28 17:53:41', '2022-03-28 19:51:21', 1, 1, 2, 22, 1),
(27, '2022-03-28 17:53:44', '2022-03-28 19:50:22', 1, 1, 2, 16, 1),
(28, '2022-03-28 17:53:45', '2022-03-28 19:51:59', 1, 1, 2, 11, 1),
(29, '2022-03-28 18:13:38', '2022-03-28 19:58:05', 1, 1, 2, 8, 1),
(30, '2022-03-28 18:31:50', '2022-03-28 19:50:23', 1, 1, 2, 9, 1),
(31, '2022-03-25 16:00:00', '2022-03-25 19:30:00', 1, 1, 2, 31, 1),
(32, '2022-03-25 16:00:00', '2022-03-25 19:30:00', 1, 1, 2, 27, 1),
(33, '2022-03-25 16:00:00', '2022-03-25 19:30:00', 1, 1, 2, 28, 1),
(34, '2022-03-25 16:00:00', '2022-03-25 19:30:00', 1, 1, 2, 26, 1),
(35, '2022-03-25 16:00:00', '2022-03-25 19:30:00', 1, 1, 2, 6, 1),
(36, '2022-03-25 16:00:00', '2022-03-25 19:30:00', 1, 1, 2, 1, 1),
(37, '2022-03-25 16:00:00', '2022-03-25 19:30:00', 1, 1, 2, 12, 1),
(38, '2022-03-25 16:00:00', '2022-03-25 19:30:00', 1, 1, 2, 34, 1),
(39, '2022-03-25 16:00:00', '2022-03-25 19:30:00', 1, 1, 2, 10, 1),
(40, '2022-03-25 16:00:00', '2022-03-25 19:30:00', 1, 1, 2, 32, 1),
(41, '2022-03-25 16:00:00', '2022-03-25 19:30:00', 1, 1, 2, 4, 1),
(42, '2022-03-25 16:00:00', '2022-03-25 19:30:00', 1, 1, 2, 14, 1),
(43, '2022-03-25 16:00:00', '2022-03-25 19:30:00', 1, 1, 2, 21, 1),
(44, '2022-03-25 16:00:00', '2022-03-25 19:30:00', 1, 1, 2, 17, 1),
(45, '2022-03-25 16:00:00', '2022-03-25 19:30:00', 1, 1, 2, 24, 1),
(46, '2022-03-25 16:00:00', '2022-03-25 19:30:00', 1, 1, 2, 20, 1),
(47, '2022-03-25 16:00:00', '2022-03-25 19:30:00', 1, 1, 2, 3, 1),
(48, '2022-03-25 16:00:00', '2022-03-25 19:30:00', 1, 1, 2, 23, 1),
(49, '2022-03-25 16:00:00', '2022-03-25 19:30:00', 1, 1, 2, 33, 1),
(50, '2022-03-25 16:00:00', '2022-03-25 19:30:00', 1, 1, 2, 7, 1),
(51, '2022-03-25 16:00:00', '2022-03-25 19:30:00', 1, 1, 2, 29, 1),
(52, '2022-03-25 16:00:00', '2022-03-25 19:30:00', 1, 1, 2, 19, 1),
(53, '2022-03-25 16:00:00', '2022-03-25 19:30:00', 1, 1, 2, 35, 1),
(54, '2022-03-25 16:00:00', '2022-03-25 19:30:00', 1, 1, 2, 22, 1),
(55, '2022-03-25 16:00:00', '2022-03-25 19:30:00', 1, 1, 2, 15, 1),
(56, '2022-03-25 16:00:00', '2022-03-25 19:30:00', 1, 1, 2, 9, 1),
(57, '2022-03-25 16:00:00', '2022-03-25 19:30:00', 1, 1, 2, 11, 1),
(58, '2022-03-25 16:00:00', '2022-03-25 19:30:00', 1, 1, 2, 16, 1),
(59, '2022-03-25 16:00:00', '2022-03-25 19:30:00', 1, 1, 2, 8, 1),
(60, '2022-03-23 16:00:00', '2022-03-23 19:30:00', 1, 1, 1, 31, 1),
(61, '2022-03-23 16:00:00', '2022-03-23 19:30:00', 1, 1, 1, 28, 1),
(62, '2022-03-23 16:00:00', '2022-03-23 19:30:00', 1, 1, 1, 6, 1),
(63, '2022-03-23 16:00:00', '2022-03-23 19:30:00', 1, 1, 1, 32, 1),
(64, '2022-03-23 16:00:00', '2022-03-23 19:30:00', 1, 1, 1, 4, 1),
(65, '2022-03-23 16:00:00', '2022-03-23 19:30:00', 1, 1, 1, 21, 1),
(66, '2022-03-23 16:00:00', '2022-03-23 19:30:00', 1, 1, 1, 24, 1),
(67, '2022-03-23 16:00:00', '2022-03-23 19:30:00', 1, 1, 1, 3, 1),
(68, '2022-03-23 16:00:00', '2022-03-23 19:30:00', 1, 1, 1, 13, 1),
(69, '2022-03-23 16:00:00', '2022-03-23 19:30:00', 1, 1, 1, 33, 1),
(70, '2022-03-23 16:00:00', '2022-03-23 19:30:00', 1, 1, 1, 7, 1),
(71, '2022-03-23 16:00:00', '2022-03-23 19:30:00', 1, 1, 1, 29, 1),
(72, '2022-03-23 16:00:00', '2022-03-23 19:30:00', 1, 1, 1, 19, 1),
(73, '2022-03-23 16:00:00', '2022-03-23 19:30:00', 1, 1, 1, 16, 1),
(74, '2022-03-23 16:00:00', '2022-03-23 19:30:00', 1, 1, 1, 8, 1),
(75, '2022-03-23 16:00:00', '2022-03-23 19:30:00', 1, 1, 1, 27, 1),
(76, '2022-03-23 16:00:00', '2022-03-23 19:30:00', 1, 1, 1, 26, 1),
(77, '2022-03-23 16:00:00', '2022-03-23 19:30:00', 1, 1, 1, 1, 1),
(78, '2022-03-23 16:00:00', '2022-03-23 19:30:00', 1, 1, 1, 12, 1),
(79, '2022-03-23 16:00:00', '2022-03-23 19:30:00', 1, 1, 1, 34, 1),
(80, '2022-03-23 16:00:00', '2022-03-23 19:30:00', 1, 1, 1, 10, 1),
(81, '2022-03-23 16:00:00', '2022-03-23 19:30:00', 1, 1, 1, 14, 1),
(82, '2022-03-23 16:00:00', '2022-03-23 19:30:00', 1, 1, 1, 17, 1),
(83, '2022-03-23 16:00:00', '2022-03-23 19:30:00', 1, 1, 1, 20, 1),
(84, '2022-03-23 16:00:00', '2022-03-23 19:30:00', 1, 1, 1, 23, 1),
(85, '2022-03-23 16:00:00', '2022-03-23 19:30:00', 1, 1, 1, 35, 1),
(86, '2022-03-23 16:00:00', '2022-03-23 19:30:00', 1, 1, 1, 22, 1),
(87, '2022-03-23 16:00:00', '2022-03-23 19:30:00', 1, 1, 1, 15, 1),
(88, '2022-03-23 16:00:00', '2022-03-23 19:30:00', 1, 1, 1, 9, 1),
(89, '2022-03-23 16:00:00', '2022-03-23 19:30:00', 1, 1, 1, 11, 1),
(90, '2022-03-24 16:00:00', '2022-03-24 19:30:00', 1, 1, 1, 31, 1),
(91, '2022-03-24 16:00:00', '2022-03-24 19:30:00', 1, 1, 1, 27, 1),
(92, '2022-03-24 16:00:00', '2022-03-24 19:30:00', 1, 1, 1, 28, 1),
(93, '2022-03-24 16:00:00', '2022-03-24 19:30:00', 1, 1, 1, 26, 1),
(94, '2022-03-24 16:00:00', '2022-03-24 19:30:00', 1, 1, 1, 6, 1),
(95, '2022-03-24 16:00:00', '2022-03-24 19:30:00', 1, 1, 1, 1, 1),
(96, '2022-03-24 16:00:00', '2022-03-24 19:30:00', 1, 1, 1, 12, 1),
(97, '2022-03-24 16:00:00', '2022-03-24 19:30:00', 1, 1, 1, 34, 1),
(98, '2022-03-24 16:00:00', '2022-03-24 19:30:00', 1, 1, 1, 10, 1),
(99, '2022-03-24 16:00:00', '2022-03-24 19:30:00', 1, 1, 1, 32, 1),
(100, '2022-03-24 16:00:00', '2022-03-24 19:30:00', 1, 1, 1, 4, 1),
(101, '2022-03-24 16:00:00', '2022-03-24 19:30:00', 1, 1, 1, 14, 1),
(102, '2022-03-24 16:00:00', '2022-03-24 19:30:00', 1, 1, 1, 21, 1),
(103, '2022-03-24 16:00:00', '2022-03-24 19:30:00', 1, 1, 1, 17, 1),
(104, '2022-03-24 16:00:00', '2022-03-24 19:30:00', 1, 1, 1, 24, 1),
(105, '2022-03-24 16:00:00', '2022-03-24 19:30:00', 1, 1, 1, 20, 1),
(106, '2022-03-24 16:00:00', '2022-03-24 19:30:00', 1, 1, 1, 3, 1),
(107, '2022-03-24 16:00:00', '2022-03-24 19:30:00', 1, 1, 1, 23, 1),
(108, '2022-03-24 16:00:00', '2022-03-24 19:30:00', 1, 1, 1, 13, 1),
(109, '2022-03-24 16:00:00', '2022-03-24 19:30:00', 1, 1, 1, 33, 1),
(110, '2022-03-24 16:00:00', '2022-03-24 19:30:00', 1, 1, 1, 7, 1),
(111, '2022-03-24 16:00:00', '2022-03-24 19:30:00', 1, 1, 1, 29, 1),
(112, '2022-03-24 16:00:00', '2022-03-24 19:30:00', 1, 1, 1, 19, 1),
(113, '2022-03-24 16:00:00', '2022-03-24 19:30:00', 1, 1, 1, 35, 1),
(114, '2022-03-24 16:00:00', '2022-03-24 19:30:00', 1, 1, 1, 22, 1),
(115, '2022-03-24 16:00:00', '2022-03-24 19:30:00', 1, 1, 1, 15, 1),
(116, '2022-03-24 16:00:00', '2022-03-24 19:30:00', 1, 1, 1, 9, 1),
(117, '2022-03-24 16:00:00', '2022-03-24 19:30:00', 1, 1, 1, 11, 1),
(118, '2022-03-24 16:00:00', '2022-03-24 19:30:00', 1, 1, 1, 16, 1),
(119, '2022-03-24 16:00:00', '2022-03-24 19:30:00', 1, 1, 1, 8, 1),
(120, '2022-03-22 16:00:00', '2022-03-22 19:30:00', 1, 1, 1, 31, 1),
(121, '2022-03-22 16:00:00', '2022-03-22 19:30:00', 1, 1, 1, 27, 1),
(122, '2022-03-22 16:00:00', '2022-03-22 19:30:00', 1, 1, 1, 28, 1),
(123, '2022-03-22 16:00:00', '2022-03-22 19:30:00', 1, 1, 1, 26, 1),
(124, '2022-03-22 16:00:00', '2022-03-22 19:30:00', 1, 1, 1, 6, 1),
(125, '2022-03-22 16:00:00', '2022-03-22 19:30:00', 1, 1, 1, 1, 1),
(126, '2022-03-22 16:00:00', '2022-03-22 19:30:00', 1, 1, 1, 12, 1),
(127, '2022-03-22 16:00:00', '2022-03-22 19:30:00', 1, 1, 1, 34, 1),
(128, '2022-03-22 16:00:00', '2022-03-22 19:30:00', 1, 1, 1, 10, 1),
(129, '2022-03-22 16:00:00', '2022-03-22 19:30:00', 1, 1, 1, 32, 1),
(130, '2022-03-22 16:00:00', '2022-03-22 19:30:00', 1, 1, 1, 4, 1),
(131, '2022-03-22 16:00:00', '2022-03-22 19:30:00', 1, 1, 1, 14, 1),
(132, '2022-03-22 16:00:00', '2022-03-22 19:30:00', 1, 1, 1, 21, 1),
(133, '2022-03-22 16:00:00', '2022-03-22 19:30:00', 1, 1, 1, 17, 1),
(134, '2022-03-22 16:00:00', '2022-03-22 19:30:00', 1, 1, 1, 24, 1),
(135, '2022-03-22 16:00:00', '2022-03-22 19:30:00', 1, 1, 1, 20, 1),
(136, '2022-03-22 16:00:00', '2022-03-22 19:30:00', 1, 1, 1, 3, 1),
(137, '2022-03-22 16:00:00', '2022-03-22 19:30:00', 1, 1, 1, 23, 1),
(138, '2022-03-22 16:00:00', '2022-03-22 19:30:00', 1, 1, 1, 13, 1),
(139, '2022-03-22 16:00:00', '2022-03-22 19:30:00', 1, 1, 1, 33, 1),
(140, '2022-03-22 16:00:00', '2022-03-22 19:30:00', 1, 1, 1, 7, 1),
(141, '2022-03-22 16:00:00', '2022-03-22 19:30:00', 1, 1, 1, 29, 1),
(142, '2022-03-22 16:00:00', '2022-03-22 19:30:00', 1, 1, 1, 19, 1),
(143, '2022-03-22 16:00:00', '2022-03-22 19:30:00', 1, 1, 1, 35, 1),
(144, '2022-03-22 16:00:00', '2022-03-22 19:30:00', 1, 1, 1, 22, 1),
(145, '2022-03-22 16:00:00', '2022-03-22 19:30:00', 1, 1, 1, 15, 1),
(146, '2022-03-22 16:00:00', '2022-03-22 19:30:00', 1, 1, 1, 9, 1),
(147, '2022-03-22 16:00:00', '2022-03-22 19:30:00', 1, 1, 1, 11, 1),
(148, '2022-03-22 16:00:00', '2022-03-22 19:30:00', 1, 1, 1, 16, 1),
(149, '2022-03-22 16:00:00', '2022-03-22 19:30:00', 1, 1, 1, 8, 1),
(150, '2022-03-26 08:30:00', '2022-03-26 11:00:00', 1, 1, 2, 31, 1),
(151, '2022-03-26 08:30:00', '2022-03-26 11:00:00', 1, 1, 2, 27, 1),
(152, '2022-03-26 08:30:00', '2022-03-26 11:00:00', 1, 1, 2, 28, 1),
(153, '2022-03-26 08:30:00', '2022-03-26 11:00:00', 1, 1, 2, 26, 1),
(154, '2022-03-26 08:30:00', '2022-03-26 11:00:00', 1, 1, 2, 6, 1),
(155, '2022-03-26 08:30:00', '2022-03-26 11:00:00', 1, 1, 2, 1, 1),
(156, '2022-03-26 08:30:00', '2022-03-26 11:00:00', 1, 1, 2, 12, 1),
(157, '2022-03-26 08:30:00', '2022-03-26 11:00:00', 1, 1, 2, 34, 1),
(158, '2022-03-26 08:30:00', '2022-03-26 11:00:00', 1, 1, 2, 10, 1),
(159, '2022-03-26 08:30:00', '2022-03-26 11:00:00', 1, 1, 2, 32, 1),
(160, '2022-03-26 08:30:00', '2022-03-26 11:00:00', 1, 1, 2, 4, 1),
(161, '2022-03-26 08:30:00', '2022-03-26 11:00:00', 1, 1, 2, 14, 1),
(162, '2022-03-26 08:30:00', '2022-03-26 11:00:00', 1, 1, 2, 21, 1),
(163, '2022-03-26 08:30:00', '2022-03-26 11:00:00', 1, 1, 2, 17, 1),
(164, '2022-03-26 08:30:00', '2022-03-26 11:00:00', 1, 1, 2, 24, 1),
(165, '2022-03-26 08:30:00', '2022-03-26 11:00:00', 1, 1, 2, 20, 1),
(166, '2022-03-26 08:30:00', '2022-03-26 11:00:00', 1, 1, 2, 3, 1),
(167, '2022-03-26 08:30:00', '2022-03-26 11:00:00', 1, 1, 2, 23, 1),
(168, '2022-03-26 08:30:00', '2022-03-26 11:00:00', 1, 1, 2, 13, 1),
(169, '2022-03-26 08:30:00', '2022-03-26 11:00:00', 1, 1, 2, 33, 1),
(170, '2022-03-26 08:30:00', '2022-03-26 11:00:00', 1, 1, 2, 7, 1),
(171, '2022-03-26 08:30:00', '2022-03-26 11:00:00', 1, 1, 2, 29, 1),
(172, '2022-03-26 08:30:00', '2022-03-26 11:00:00', 1, 1, 2, 19, 1),
(173, '2022-03-26 08:30:00', '2022-03-26 11:00:00', 1, 1, 2, 35, 1),
(174, '2022-03-26 08:30:00', '2022-03-26 11:00:00', 1, 1, 2, 22, 1),
(175, '2022-03-26 08:30:00', '2022-03-26 11:00:00', 1, 1, 2, 15, 1),
(176, '2022-03-26 08:30:00', '2022-03-26 11:00:00', 1, 1, 2, 9, 1),
(177, '2022-03-26 08:30:00', '2022-03-26 11:00:00', 1, 1, 2, 11, 1),
(178, '2022-03-26 08:30:00', '2022-03-26 11:00:00', 1, 1, 2, 16, 1),
(179, '2022-03-26 08:30:00', '2022-03-26 11:00:00', 1, 1, 2, 8, 1),
(180, '2022-03-29 15:01:16', '2022-03-29 20:01:59', 1, 1, 2, 27, 1),
(181, '2022-03-29 15:01:58', '2022-03-29 20:02:14', 1, 1, 2, 31, 1),
(182, '2022-03-29 15:05:09', '2022-03-29 20:03:10', 1, 1, 2, 6, 1),
(183, '2022-03-29 15:06:27', '2022-03-29 20:06:18', 1, 1, 2, 34, 1),
(184, '2022-03-29 15:07:59', '2022-03-29 20:02:14', 1, 1, 2, 26, 1),
(185, '2022-03-29 15:14:00', '2022-03-29 20:02:42', 1, 1, 2, 10, 1),
(186, '2022-03-29 15:14:06', '2022-03-29 20:02:06', 1, 1, 2, 1, 1),
(187, '2022-03-29 15:19:22', '2022-03-29 20:03:07', 1, 1, 2, 12, 1),
(188, '2022-03-29 15:24:15', '2022-03-29 20:01:43', 1, 1, 2, 32, 1),
(189, '2022-03-29 15:24:49', '2022-03-29 20:02:33', 1, 1, 2, 4, 1),
(190, '2022-03-29 15:35:30', '2022-03-29 20:02:12', 1, 1, 2, 21, 1),
(191, '2022-03-29 15:37:29', '2022-03-29 20:02:02', 1, 1, 2, 14, 1),
(192, '2022-03-29 15:40:15', '2022-03-29 20:02:50', 1, 1, 2, 17, 1),
(193, '2022-03-29 15:53:30', '2022-03-29 20:02:38', 1, 1, 2, 24, 1),
(194, '2022-03-29 16:44:29', '2022-03-29 20:04:15', 1, 1, 2, 33, 1),
(195, '2022-03-29 16:45:59', '2022-03-29 20:02:48', 1, 1, 2, 23, 1),
(196, '2022-03-29 17:03:17', '2022-03-29 20:02:22', 1, 1, 2, 7, 1),
(197, '2022-03-29 17:09:57', '2022-03-29 20:03:53', 1, 1, 2, 30, 1),
(198, '2022-03-29 17:10:33', '2022-03-29 19:38:45', 1, 1, 2, 13, 1),
(199, '2022-03-29 17:25:29', '2022-03-29 20:02:36', 1, 1, 2, 19, 1),
(200, '2022-03-29 17:28:22', '2022-03-29 20:01:33', 1, 1, 2, 28, 1),
(201, '2022-03-29 17:29:09', '2022-03-29 20:01:41', 1, 1, 2, 22, 1),
(202, '2022-03-29 17:31:17', '2022-03-29 19:45:15', 1, 1, 2, 35, 1),
(203, '2022-03-29 17:31:49', '2022-03-29 20:01:51', 1, 1, 2, 15, 1),
(204, '2022-03-29 17:41:23', '2022-03-29 20:02:18', 1, 1, 2, 11, 1),
(205, '2022-03-29 17:46:00', '2022-03-29 19:49:52', 1, 1, 2, 20, 1),
(206, '2022-03-29 17:47:06', '2022-03-29 20:01:36', 1, 1, 2, 16, 1),
(207, '2022-03-29 17:53:44', '2022-03-29 20:02:44', 1, 1, 2, 29, 1),
(208, '2022-03-29 18:10:39', '2022-03-29 20:07:21', 1, 1, 2, 8, 1),
(209, '2022-03-29 18:23:16', '2022-03-29 20:02:26', 1, 1, 2, 9, 1),
(210, '2022-03-29 17:40:00', '2022-03-29 20:03:00', 1, 1, 2, 3, 1),
(211, '2022-03-23 15:00:00', '2022-03-23 19:30:00', 1, 1, 1, 30, 1),
(212, '2022-03-23 15:00:00', '2022-03-23 19:30:00', 1, 1, 1, 30, 1),
(213, '2022-03-25 16:00:00', '2022-03-25 19:30:00', 1, 1, 2, 30, 1),
(214, '2022-03-30 15:03:06', '2022-03-30 20:19:25', 1, 1, 2, 27, 1),
(215, '2022-03-30 15:05:25', '2022-03-30 20:23:21', 1, 1, 2, 21, 1),
(216, '2022-03-30 15:05:49', '2022-03-30 20:22:11', 1, 1, 2, 6, 1),
(217, '2022-03-30 15:09:02', '2022-03-30 20:23:26', 1, 1, 2, 34, 1),
(218, '2022-03-30 15:09:03', '2022-03-30 20:32:48', 1, 1, 2, 8, 1),
(219, '2022-03-30 15:13:27', '2022-03-30 20:00:00', 1, 1, 2, 28, 1),
(220, '2022-03-30 15:14:25', '2022-03-30 20:00:00', 1, 1, 2, 26, 1),
(221, '2022-03-30 15:17:34', '2022-03-30 20:17:08', 1, 1, 2, 17, 1),
(222, '2022-03-30 15:20:12', '2022-03-30 20:20:40', 1, 1, 2, 12, 1),
(223, '2022-03-30 15:23:10', '2022-03-30 20:18:52', 1, 1, 2, 10, 1),
(224, '2022-03-30 15:23:39', '2022-03-30 20:21:55', 1, 1, 2, 1, 1),
(225, '2022-03-30 15:24:19', '2022-03-30 20:24:19', 1, 1, 2, 14, 1),
(226, '2022-03-30 15:25:04', '2022-03-30 20:10:00', 1, 1, 2, 20, 1),
(227, '2022-03-30 15:36:34', '2022-03-30 20:24:26', 1, 1, 2, 24, 1),
(228, '2022-03-30 15:36:58', '2022-03-30 20:18:09', 1, 1, 2, 23, 1),
(229, '2022-03-30 15:45:26', '2022-03-30 20:18:57', 1, 1, 2, 31, 1),
(230, '2022-03-30 16:02:17', '2022-03-30 20:18:41', 1, 1, 2, 32, 1),
(231, '2022-03-30 16:24:13', '2022-03-30 18:24:13', 1, 1, 2, 18, 1),
(232, '2022-03-30 16:32:32', '2022-03-30 20:11:41', 1, 1, 2, 7, 1),
(233, '2022-03-30 17:08:45', '2022-03-30 20:18:46', 1, 1, 2, 4, 1),
(234, '2022-03-30 17:12:05', '2022-03-30 20:15:00', 1, 1, 2, 3, 1),
(235, '2022-03-30 17:13:19', '2022-03-30 20:16:58', 1, 1, 2, 30, 1),
(236, '2022-03-30 17:26:11', '2022-03-30 20:27:27', 1, 1, 2, 19, 1),
(237, '2022-03-30 17:28:24', '2022-03-30 20:10:14', 1, 1, 2, 35, 1),
(238, '2022-03-30 17:30:43', '2022-03-30 20:10:59', 1, 1, 2, 15, 1),
(239, '2022-03-30 17:43:46', '2022-03-30 20:19:38', 1, 1, 2, 16, 1),
(240, '2022-03-30 17:52:10', '2022-03-30 20:18:58', 1, 1, 2, 33, 1),
(241, '2022-03-30 17:59:24', '2022-03-30 20:19:16', 1, 1, 2, 22, 1),
(242, '2022-03-30 18:20:18', '2022-03-30 20:00:00', 1, 1, 2, 29, 1),
(243, '2022-03-30 18:22:15', '2022-03-30 20:00:00', 1, 1, 2, 11, 1),
(244, '2022-03-31 15:17:13', '2022-03-31 20:00:58', 1, 1, 2, 17, 1),
(245, '2022-03-31 15:17:47', '2022-03-31 20:00:40', 1, 1, 2, 14, 1),
(246, '2022-03-31 15:17:59', '2022-03-31 20:00:00', 1, 1, 2, 21, 1),
(247, '2022-03-31 15:20:23', '2022-03-31 20:05:26', 1, 1, 2, 31, 1),
(248, '2022-03-31 15:24:15', '2022-03-31 20:05:03', 1, 1, 2, 1, 1),
(249, '2022-03-31 15:25:11', '2022-03-31 20:00:52', 1, 1, 2, 28, 1),
(250, '2022-03-31 15:25:33', '2022-03-31 19:44:58', 1, 1, 2, 32, 1),
(251, '2022-03-31 15:27:10', '2022-03-31 20:05:16', 1, 1, 2, 26, 1),
(252, '2022-03-31 15:28:06', '2022-03-31 20:03:07', 1, 1, 2, 6, 1),
(253, '2022-03-31 15:35:02', '2022-03-31 20:00:00', 1, 1, 2, 34, 1),
(254, '2022-03-31 15:38:51', '2022-03-31 20:05:24', 1, 1, 2, 23, 1),
(255, '2022-03-31 15:45:58', '2022-03-31 20:00:00', 1, 1, 2, 10, 1),
(256, '2022-03-31 15:56:32', '2022-03-31 20:04:20', 1, 1, 2, 24, 1),
(257, '2022-03-31 16:30:37', '2022-03-31 20:01:29', 1, 1, 2, 12, 1),
(258, '2022-03-31 16:41:51', '2022-03-31 20:02:14', 1, 1, 2, 3, 1),
(259, '2022-03-31 16:47:11', '2022-03-31 20:11:08', 1, 1, 2, 22, 1),
(260, '2022-03-31 16:47:28', '2022-03-31 20:15:00', 1, 1, 2, 33, 1),
(261, '2022-03-31 16:57:07', '2022-03-31 20:01:17', 1, 1, 2, 7, 1),
(262, '2022-03-31 16:58:47', '2022-03-31 20:03:36', 1, 1, 2, 20, 1),
(263, '2022-03-31 17:01:02', '2022-03-31 20:01:09', 1, 1, 2, 30, 1),
(264, '2022-03-31 17:32:16', '2022-03-31 20:01:59', 1, 1, 2, 15, 1),
(265, '2022-03-31 17:35:50', '2022-03-31 20:02:10', 1, 1, 2, 35, 1),
(266, '2022-03-31 17:46:21', '2022-03-31 20:02:33', 1, 1, 2, 13, 1),
(267, '2022-03-31 17:51:00', '2022-03-31 20:03:14', 1, 1, 2, 16, 1),
(268, '2022-03-31 18:05:07', '2022-03-31 20:04:22', 1, 1, 2, 29, 1),
(269, '2022-03-31 18:08:21', '2022-03-31 20:00:07', 1, 1, 2, 9, 1),
(270, '2022-03-31 18:10:51', '2022-03-31 20:04:59', 1, 1, 2, 19, 1),
(271, '2022-03-31 18:20:12', '2022-03-31 20:00:00', 1, 1, 2, 8, 1),
(272, '2022-03-31 17:40:00', '2022-03-31 20:00:00', 1, 1, 2, 11, 1),
(273, '2022-04-01 15:51:19', '2022-04-01 19:57:18', 1, 1, 2, 24, 1),
(274, '2022-04-01 15:59:29', '2022-04-01 19:57:01', 1, 1, 2, 34, 1),
(275, '2022-04-01 15:59:32', '2022-04-01 19:56:51', 1, 1, 2, 31, 1),
(276, '2022-04-01 16:03:31', '2022-04-01 19:55:53', 1, 1, 2, 32, 1),
(277, '2022-04-01 16:03:45', '2022-04-01 19:55:09', 1, 1, 2, 20, 1),
(278, '2022-04-01 16:03:57', '2022-04-01 20:05:00', 1, 1, 2, 33, 1),
(279, '2022-04-01 16:05:50', '2022-04-01 19:56:13', 1, 1, 2, 26, 1),
(280, '2022-04-01 16:11:22', '2022-04-01 19:57:43', 1, 1, 2, 12, 1),
(281, '2022-04-01 16:11:35', '2022-04-01 19:55:03', 1, 1, 2, 27, 1),
(282, '2022-04-01 16:11:36', '2022-04-01 19:55:33', 1, 1, 2, 23, 1),
(283, '2022-04-01 16:14:40', '2022-04-01 19:55:45', 1, 1, 2, 10, 1),
(284, '2022-04-01 16:19:37', '2022-04-01 19:57:19', 1, 1, 2, 6, 1),
(285, '2022-04-01 16:23:10', '2022-04-01 20:24:00', 1, 1, 2, 17, 1),
(286, '2022-04-01 16:29:49', '2022-04-01 19:59:56', 1, 1, 2, 14, 1),
(287, '2022-04-01 16:46:00', '2022-04-01 19:55:50', 1, 1, 2, 7, 1),
(288, '2022-04-01 17:02:35', '2022-04-01 19:57:29', 1, 1, 2, 4, 1),
(289, '2022-04-01 17:05:22', '2022-04-01 19:44:30', 1, 1, 2, 15, 1),
(290, '2022-04-01 17:08:01', '2022-04-01 19:56:23', 1, 1, 2, 1, 1),
(291, '2022-04-01 17:09:51', '2022-04-01 19:49:17', 1, 1, 2, 9, 1),
(292, '2022-04-01 17:21:50', '2022-04-01 19:56:37', 1, 1, 2, 21, 1),
(293, '2022-04-01 17:26:58', '2022-04-01 20:36:00', 1, 1, 2, 30, 1),
(294, '2022-04-01 17:34:23', '2022-04-01 19:55:49', 1, 1, 2, 3, 1),
(295, '2022-04-01 17:35:37', '2022-04-01 19:57:42', 1, 1, 2, 13, 1),
(296, '2022-04-01 17:36:19', '2022-04-01 19:56:35', 1, 1, 2, 35, 1),
(297, '2022-04-01 17:41:15', '2022-04-01 19:56:37', 1, 1, 2, 28, 1),
(298, '2022-04-01 17:44:22', '2022-04-01 19:56:55', 1, 1, 2, 16, 1),
(299, '2022-04-01 17:54:21', '2022-04-01 19:55:49', 1, 1, 2, 29, 1),
(300, '2022-04-01 17:55:51', '2022-04-01 19:55:35', 1, 1, 2, 22, 1),
(301, '2022-04-01 18:02:35', '2022-04-01 20:15:37', 1, 1, 2, 8, 1),
(302, '2022-04-01 18:11:12', '2022-04-01 20:14:00', 1, 1, 2, 19, 1),
(303, '2022-04-04 14:59:02', '2022-04-04 18:55:58', 1, 1, 2, 31, 1),
(304, '2022-04-04 15:00:55', '2022-04-04 20:26:18', 1, 1, 2, 27, 1),
(305, '2022-04-04 15:08:43', '2022-04-04 20:27:12', 1, 1, 2, 28, 1),
(306, '2022-04-04 15:08:44', '2022-04-04 20:32:08', 1, 1, 2, 34, 1),
(307, '2022-04-04 15:08:59', '2022-04-04 20:27:02', 1, 1, 2, 21, 1),
(308, '2022-04-04 15:09:20', '2022-04-04 20:29:14', 1, 1, 2, 10, 1),
(309, '2022-04-04 15:10:01', '2022-04-04 20:20:00', 1, 1, 2, 26, 1),
(310, '2022-04-04 15:12:08', '2022-04-04 20:27:48', 1, 1, 2, 6, 1),
(311, '2022-04-04 15:17:52', '2022-04-04 20:27:11', 1, 1, 2, 24, 1),
(312, '2022-04-04 15:44:52', '2022-04-04 20:26:18', 1, 1, 2, 14, 1),
(313, '2022-04-04 15:45:11', '2022-04-04 20:35:00', 1, 1, 2, 17, 1),
(314, '2022-04-04 16:15:39', '2022-04-04 20:27:03', 1, 1, 2, 23, 1),
(315, '2022-04-04 16:40:29', '2022-04-04 20:27:09', 1, 1, 2, 1, 1),
(316, '2022-04-04 16:42:55', '2022-04-04 20:26:35', 1, 1, 2, 3, 1),
(317, '2022-04-04 16:47:30', '2022-04-04 20:32:06', 1, 1, 2, 12, 1),
(318, '2022-04-04 16:53:02', '2022-04-04 20:26:09', 1, 1, 2, 32, 1),
(319, '2022-04-04 16:57:32', '2022-04-04 20:22:17', 1, 1, 2, 7, 1),
(320, '2022-04-04 17:01:03', '2022-04-04 20:15:03', 1, 1, 2, 30, 1),
(321, '2022-04-04 17:19:07', '2022-04-04 20:27:01', 1, 1, 2, 29, 1),
(322, '2022-04-04 17:23:29', '2022-04-04 20:21:37', 1, 1, 2, 13, 1),
(323, '2022-04-04 17:26:01', '2022-04-04 20:27:00', 1, 1, 2, 33, 1),
(324, '2022-04-04 17:27:35', '2022-04-04 18:08:24', 1, 1, 2, 15, 1),
(325, '2022-04-04 17:30:48', '2022-04-04 20:20:35', 1, 1, 2, 35, 1),
(326, '2022-04-04 17:41:49', '2022-04-04 20:05:00', 1, 1, 2, 19, 1),
(327, '2022-04-04 17:43:37', '2022-04-04 20:27:38', 1, 1, 2, 16, 1),
(328, '2022-04-04 17:43:44', '2022-04-04 20:26:10', 1, 1, 2, 20, 1),
(329, '2022-04-04 17:44:13', '2022-04-04 20:28:37', 1, 1, 2, 11, 1),
(330, '2022-04-04 17:47:17', '2022-04-04 20:27:07', 1, 1, 2, 4, 1),
(331, '2022-04-04 17:49:44', '2022-04-04 20:27:50', 1, 1, 2, 9, 1),
(332, '2022-04-04 18:23:06', '2022-04-04 20:27:15', 1, 1, 2, 22, 1),
(333, '2022-04-05 15:07:14', '2022-04-05 20:02:46', 1, 1, 2, 34, 1),
(334, '2022-04-05 15:08:34', '2022-04-05 20:02:57', 1, 1, 2, 12, 1),
(335, '2022-04-05 15:15:57', '2022-04-05 20:04:41', 1, 1, 2, 10, 1),
(336, '2022-04-05 15:16:16', '2022-04-05 20:06:59', 1, 1, 2, 1, 1),
(337, '2022-04-05 15:20:37', '2022-04-05 20:01:01', 1, 1, 2, 31, 1),
(338, '2022-04-05 15:25:24', '2022-04-05 19:57:12', 1, 1, 2, 27, 1),
(339, '2022-04-05 15:30:00', '2022-04-05 20:02:46', 1, 1, 2, 21, 1),
(340, '2022-04-05 15:35:36', '2022-04-05 20:06:42', 1, 1, 2, 6, 1),
(341, '2022-04-05 15:36:43', '2022-04-05 20:01:13', 1, 1, 2, 32, 1),
(342, '2022-04-05 15:41:08', '2022-04-05 20:02:29', 1, 1, 2, 14, 1),
(343, '2022-04-05 15:43:04', '2022-04-05 20:08:41', 1, 1, 2, 17, 1),
(344, '2022-04-05 15:59:12', '2022-04-05 20:08:41', 1, 1, 2, 33, 1),
(345, '2022-04-05 16:01:24', '2022-04-05 19:24:24', 1, 1, 2, 24, 1),
(346, '2022-04-05 16:39:48', '2022-04-05 20:06:07', 1, 1, 2, 23, 1),
(347, '2022-04-05 16:42:20', '2022-04-05 20:07:04', 1, 1, 2, 20, 1),
(348, '2022-04-05 16:43:42', '2022-04-05 20:02:58', 1, 1, 2, 3, 1),
(349, '2022-04-05 16:53:14', '2022-04-05 20:08:41', 1, 1, 2, 30, 1),
(350, '2022-04-05 16:59:52', '2022-04-05 20:06:07', 1, 1, 2, 13, 1),
(351, '2022-04-05 17:02:28', '2022-04-05 20:03:05', 1, 1, 2, 7, 1),
(352, '2022-04-05 15:04:27', '2022-04-05 20:01:53', 1, 1, 2, 26, 1),
(353, '2022-04-05 17:27:52', '2022-04-05 20:01:41', 1, 1, 2, 15, 1),
(354, '2022-04-05 17:29:36', '2022-04-05 20:00:45', 1, 1, 2, 35, 1),
(355, '2022-04-05 17:39:36', '2022-04-05 18:52:37', 1, 1, 2, 4, 1),
(356, '2022-04-05 17:46:29', '2022-04-05 20:03:30', 1, 1, 2, 16, 1),
(357, '2022-04-05 17:50:37', '2022-04-05 20:02:28', 1, 1, 2, 9, 1),
(358, '2022-04-05 17:52:11', '2022-04-05 20:02:57', 1, 1, 2, 28, 1),
(359, '2022-04-05 18:11:35', '2022-04-05 20:08:35', 1, 1, 2, 19, 1),
(360, '2022-04-05 18:16:36', '2022-04-05 20:03:49', 1, 1, 2, 22, 1),
(361, '2022-04-05 18:29:04', '2022-04-05 20:06:25', 1, 1, 2, 29, 1),
(362, '2022-04-06 14:59:58', '2022-04-06 20:14:21', 1, 1, 2, 34, 1),
(363, '2022-04-06 14:54:11', '2022-04-06 20:12:31', 1, 1, 2, 12, 1),
(364, '2022-04-06 14:59:57', '2022-04-06 20:13:19', 1, 1, 2, 28, 1),
(365, '2022-04-06 14:59:39', '2022-04-06 20:13:14', 1, 1, 2, 26, 1),
(366, '2022-04-06 14:59:48', '2022-04-06 20:12:41', 1, 1, 2, 31, 1),
(367, '2022-04-06 15:02:49', '2022-04-06 20:15:06', 1, 1, 2, 6, 1),
(368, '2022-04-06 15:06:41', '2022-04-06 20:12:32', 1, 1, 2, 24, 1),
(369, '2022-04-06 15:20:42', '2022-04-06 20:17:38', 1, 1, 2, 10, 1),
(370, '2022-04-06 15:25:58', '2022-04-06 20:25:59', 1, 1, 2, 17, 1),
(371, '2022-04-06 15:44:01', '2022-04-06 20:15:16', 1, 1, 2, 21, 1),
(372, '2022-04-06 16:00:05', '2022-04-06 20:12:18', 1, 1, 2, 32, 1),
(373, '2022-04-06 16:00:28', '2022-04-06 20:13:25', 1, 1, 2, 23, 1),
(374, '2022-04-06 16:38:59', '2022-04-06 20:11:45', 1, 1, 2, 7, 1),
(375, '2022-04-06 16:43:29', '2022-04-06 20:25:00', 1, 1, 2, 33, 1),
(376, '2022-04-06 16:46:02', '2022-04-06 20:12:14', 1, 1, 2, 3, 1),
(377, '2022-04-06 16:53:59', '2022-04-06 20:13:59', 1, 1, 2, 14, 1),
(378, '2022-04-06 16:56:52', '2022-04-06 20:13:49', 1, 1, 2, 29, 1),
(379, '2022-04-06 17:04:01', '2022-04-06 20:50:00', 1, 1, 2, 30, 1),
(380, '2022-04-06 17:17:04', '2022-04-06 20:12:56', 1, 1, 2, 13, 1),
(381, '2022-04-06 17:17:37', '2022-04-06 20:13:01', 1, 1, 2, 4, 1),
(382, '2022-04-06 17:18:43', '2022-04-06 20:19:56', 1, 1, 2, 19, 1),
(383, '2022-04-05 17:53:40', '2022-04-05 19:57:51', 1, 1, 2, 11, 1),
(384, '2022-04-06 17:40:17', '2022-04-06 20:18:04', 1, 1, 2, 16, 1),
(385, '2022-04-06 17:42:24', '2022-04-06 20:12:30', 1, 1, 2, 35, 1),
(386, '2022-04-06 17:44:25', '2022-04-06 20:14:41', 1, 1, 2, 11, 1),
(387, '2022-04-06 17:55:42', '2022-04-06 20:13:20', 1, 1, 2, 20, 1),
(388, '2022-04-06 18:29:34', '2022-04-06 20:12:45', 1, 1, 2, 22, 1),
(389, '2022-04-07 15:01:36', '2022-04-07 20:11:28', 1, 1, 2, 12, 1),
(390, '2022-04-07 15:09:00', '2022-04-07 20:13:28', 1, 1, 2, 34, 1),
(391, '2022-04-07 15:09:40', '2022-04-07 20:12:10', 1, 1, 2, 26, 1),
(392, '2022-04-07 15:12:55', '2022-04-07 20:13:10', 1, 1, 2, 10, 1),
(393, '2022-04-07 15:13:26', '2022-04-07 20:09:30', 1, 1, 2, 27, 1),
(394, '2022-04-07 15:21:34', '2022-04-07 20:12:08', 1, 1, 2, 6, 1),
(395, '2022-04-07 15:29:38', '2022-04-07 19:53:23', 1, 1, 2, 31, 1),
(396, '2022-04-07 15:37:30', '2022-04-07 20:11:57', 1, 1, 2, 23, 1),
(397, '2022-04-07 15:49:36', '2022-04-07 20:04:15', 1, 1, 2, 17, 1),
(398, '2022-04-07 15:51:38', '2022-04-07 20:13:48', 1, 1, 2, 21, 1),
(399, '2022-04-07 15:55:48', '2022-04-07 20:02:46', 1, 1, 2, 1, 1),
(400, '2022-04-07 16:03:26', '2022-04-07 20:30:47', 1, 1, 2, 32, 1),
(401, '2022-04-07 16:15:21', '2022-04-07 20:12:39', 1, 1, 2, 24, 1),
(402, '2022-04-07 16:34:15', '2022-04-07 20:12:06', 1, 1, 2, 14, 1),
(403, '2022-04-07 16:48:04', '2022-04-07 20:06:00', 1, 1, 2, 3, 1),
(404, '2022-04-07 16:51:46', '2022-04-07 20:12:09', 1, 1, 2, 19, 1),
(405, '2022-04-07 16:54:05', '2022-04-07 20:05:39', 1, 1, 2, 7, 1),
(406, '2022-04-07 17:09:58', '2022-04-07 20:12:09', 1, 1, 2, 30, 1),
(407, '2022-04-07 17:17:03', '2022-04-07 20:11:57', 1, 1, 2, 13, 1),
(408, '2022-04-07 17:18:55', '2022-04-07 20:12:20', 1, 1, 2, 29, 1),
(409, '2022-04-07 17:21:24', '2022-04-07 20:12:37', 1, 1, 2, 33, 1),
(410, '2022-04-07 17:22:50', '2022-04-07 20:11:56', 1, 1, 2, 4, 1),
(411, '2022-04-07 17:34:24', '2022-04-07 20:12:01', 1, 1, 2, 28, 1),
(412, '2022-04-07 17:41:33', '2022-04-07 20:09:12', 1, 1, 2, 11, 1),
(413, '2022-04-07 17:41:46', '2022-04-07 20:12:15', 1, 1, 2, 16, 1),
(414, '2022-04-07 17:42:38', '2022-04-07 20:12:18', 1, 1, 2, 20, 1),
(415, '2022-04-07 18:13:16', '2022-04-07 20:12:20', 1, 1, 2, 22, 1),
(416, '2022-04-07 18:39:27', '2022-04-07 20:05:31', 1, 1, 2, 35, 1),
(417, '2022-04-07 19:44:24', '2022-04-07 19:44:36', 1, 1, 2, 15, 1),
(418, '2022-04-08 16:04:01', '2022-04-08 19:58:48', 1, 1, 2, 21, 1),
(419, '2022-04-08 16:05:57', '2022-04-08 19:18:35', 1, 1, 2, 32, 1),
(420, '2022-04-08 16:07:27', '2022-04-08 19:55:22', 1, 1, 2, 27, 1),
(421, '2022-04-08 16:07:18', '2022-04-08 20:03:42', 1, 1, 2, 34, 1),
(422, '2022-04-08 16:07:37', '2022-04-08 20:00:55', 1, 1, 2, 14, 1),
(423, '2022-04-08 16:08:07', '2022-04-08 20:03:30', 1, 1, 2, 10, 1),
(424, '2022-04-08 16:08:40', '2022-04-08 20:11:19', 1, 1, 2, 24, 1),
(425, '2022-04-08 16:12:33', '2022-04-08 20:02:30', 1, 1, 2, 23, 1),
(426, '2022-04-08 16:17:45', '2022-04-08 20:00:39', 1, 1, 2, 26, 1),
(427, '2022-04-08 16:22:13', '2022-04-08 19:30:22', 1, 1, 2, 33, 1),
(428, '2022-04-08 16:23:57', '2022-04-08 20:27:48', 1, 1, 2, 6, 1),
(429, '2022-04-08 16:28:19', '2022-04-08 20:02:37', 1, 1, 2, 31, 1),
(430, '2022-04-08 16:28:20', '2022-04-08 20:02:00', 1, 1, 2, 30, 1),
(431, '2022-04-08 16:30:42', '2022-04-08 19:57:03', 1, 1, 2, 3, 1),
(432, '2022-04-08 16:31:04', '2022-04-08 20:00:01', 1, 1, 2, 7, 1),
(433, '2022-04-08 16:34:24', '2022-04-08 20:02:33', 1, 1, 2, 1, 1),
(434, '2022-04-08 16:58:06', '2022-04-08 19:28:04', 1, 1, 2, 15, 1),
(435, '2022-04-08 17:25:34', '2022-04-08 20:03:04', 1, 1, 2, 29, 1),
(436, '2022-04-08 17:26:26', '2022-04-08 20:06:26', 1, 1, 2, 28, 1),
(437, '2022-04-08 17:26:28', '2022-04-08 20:26:28', 1, 1, 2, 35, 1),
(438, '2022-04-08 17:27:06', '2022-04-08 20:02:16', 1, 1, 2, 4, 1),
(439, '2022-04-08 17:38:25', '2022-04-08 19:12:23', 1, 1, 2, 16, 1),
(440, '2022-04-08 17:45:54', '2022-04-08 20:12:46', 1, 1, 2, 19, 1),
(441, '2022-04-08 17:56:59', '2022-04-08 20:03:20', 1, 1, 2, 22, 1),
(442, '2022-04-08 19:02:50', '2022-04-08 19:59:51', 1, 1, 2, 11, 1),
(443, '2022-04-08 19:08:19', '2022-04-08 20:02:11', 1, 1, 2, 20, 1),
(444, '2022-04-11 14:56:52', '2022-04-11 20:00:43', 1, 1, 4, 12, 1),
(445, '2022-04-11 14:58:31', '2022-04-11 20:01:03', 1, 1, 4, 26, 1),
(446, '2022-04-11 15:04:27', '2022-04-11 20:01:01', 1, 1, 4, 30, 1),
(447, '2022-04-11 15:04:42', '2022-04-11 20:01:00', 1, 1, 4, 24, 1),
(448, '2022-04-11 15:04:50', '2022-04-11 20:00:46', 1, 1, 4, 10, 1),
(449, '2022-04-11 15:06:27', '2022-04-11 19:58:34', 1, 1, 4, 32, 1),
(450, '2022-04-11 15:07:21', '2022-04-11 20:03:12', 1, 1, 4, 21, 1),
(451, '2022-04-11 15:07:37', '2022-04-11 20:01:35', 1, 1, 4, 34, 1),
(452, '2022-04-11 15:14:40', '2022-04-11 20:01:19', 1, 1, 4, 1, 1),
(453, '2022-04-11 15:29:48', '2022-04-11 20:01:08', 1, 1, 4, 31, 1),
(454, '2022-04-11 15:32:19', '2022-04-11 20:00:56', 1, 1, 4, 23, 1),
(455, '2022-04-11 15:43:27', '2022-04-11 20:00:54', 1, 1, 4, 27, 1),
(456, '2022-04-11 16:18:00', '2022-04-11 20:01:33', 1, 1, 4, 19, 1),
(457, '2022-04-11 16:19:15', '2022-04-11 19:58:01', 1, 1, 4, 17, 1),
(458, '2022-04-11 16:32:10', '2022-04-11 19:59:14', 1, 1, 4, 7, 1),
(459, '2022-04-11 16:34:36', '2022-04-11 20:01:18', 1, 1, 4, 6, 1),
(460, '2022-04-11 17:03:14', '2022-04-11 20:01:10', 1, 1, 4, 3, 1),
(461, '2022-04-11 17:06:31', '2022-04-11 20:01:45', 1, 1, 4, 13, 1),
(462, '2022-04-11 17:18:40', '2022-04-11 20:00:38', 1, 1, 4, 29, 1),
(463, '2022-04-11 17:25:05', '2022-04-11 20:00:58', 1, 1, 4, 16, 1),
(464, '2022-04-11 17:28:39', '2022-04-11 20:00:53', 1, 1, 4, 14, 1),
(465, '2022-04-11 17:33:14', '2022-04-11 20:01:05', 1, 1, 4, 11, 1),
(466, '2022-04-11 17:33:13', '2022-04-11 20:09:48', 1, 1, 4, 35, 1),
(467, '2022-04-11 17:33:48', '2022-04-11 20:09:48', 1, 1, 4, 9, 1),
(468, '2022-04-11 17:37:39', '2022-04-11 20:00:51', 1, 1, 4, 33, 1),
(469, '2022-04-11 17:47:33', '2022-04-11 20:07:33', 1, 1, 4, 28, 1),
(470, '2022-04-11 17:51:58', '2022-04-11 19:58:02', 1, 1, 4, 20, 1),
(471, '2022-04-11 17:54:53', '2022-04-11 20:01:17', 1, 1, 4, 22, 1),
(472, '2022-04-11 18:06:33', '2022-04-11 18:06:37', 1, 1, 4, 15, 1),
(473, '2022-04-12 15:03:38', '2022-04-12 15:41:57', 1, 1, 4, 10, 1),
(474, '2022-04-12 15:12:34', '2022-04-12 19:55:55', 1, 1, 4, 34, 1),
(475, '2022-04-12 14:50:48', '2022-04-12 19:53:51', 1, 1, 4, 31, 1),
(476, '2022-04-12 15:13:14', '2022-04-12 19:53:40', 1, 1, 4, 26, 1),
(477, '2022-04-12 15:14:24', '2022-04-12 17:33:00', 1, 1, 4, 33, 1),
(478, '2022-04-12 15:15:45', '2022-04-12 19:53:22', 1, 1, 4, 12, 1),
(479, '2022-04-12 15:29:52', '2022-04-12 19:52:54', 1, 1, 4, 27, 1),
(480, '2022-04-12 15:33:33', '2022-04-12 19:55:10', 1, 1, 4, 6, 1),
(481, '2022-04-12 15:46:27', '2022-04-12 20:20:00', 1, 1, 4, 23, 1),
(482, '2022-04-12 15:51:26', '2022-04-12 19:55:22', 1, 1, 4, 21, 1),
(483, '2022-04-12 16:00:12', '2022-04-12 19:53:56', 1, 1, 4, 14, 1),
(484, '2022-04-12 16:04:50', '2022-04-12 19:52:53', 1, 1, 4, 24, 1),
(485, '2022-04-12 16:09:14', '2022-04-12 19:52:50', 1, 1, 4, 28, 1),
(486, '2022-04-12 16:10:39', '2022-04-12 19:52:41', 1, 1, 4, 17, 1),
(487, '2022-04-12 16:33:04', '2022-04-12 19:52:57', 1, 1, 4, 3, 1),
(488, '2022-04-12 16:42:34', '2022-04-12 19:52:46', 1, 1, 4, 32, 1),
(489, '2022-04-12 16:57:52', '2022-04-12 19:52:46', 1, 1, 4, 7, 1),
(490, '2022-04-12 17:15:49', '2022-04-12 19:53:07', 1, 1, 4, 4, 1),
(491, '2022-04-12 17:23:55', '2022-04-12 19:53:07', 1, 1, 4, 15, 1),
(492, '2022-04-12 17:24:51', '2022-04-12 19:52:47', 1, 1, 4, 29, 1),
(493, '2022-04-12 17:26:34', '2022-04-12 19:40:17', 1, 1, 4, 20, 1),
(494, '2022-04-12 17:36:02', '2022-04-12 19:54:55', 1, 1, 4, 30, 1),
(495, '2022-04-12 17:37:52', '2022-04-12 19:53:46', 1, 1, 4, 11, 1),
(496, '2022-04-12 17:40:21', '2022-04-12 19:49:22', 1, 1, 4, 1, 1),
(497, '2022-04-12 17:43:06', '2022-04-12 19:53:16', 1, 1, 4, 16, 1),
(498, '2022-04-12 17:43:16', '2022-04-12 19:47:08', 1, 1, 4, 35, 1),
(499, '2022-04-12 17:55:59', '2022-04-12 20:05:59', 1, 1, 4, 9, 1),
(500, '2022-04-12 17:57:51', '2022-04-12 19:53:15', 1, 1, 4, 22, 1),
(501, '2022-04-12 18:05:52', '2022-04-12 19:54:35', 1, 1, 4, 19, 1),
(502, '2022-04-13 14:59:40', '2022-04-13 19:49:02', 1, 1, 4, 28, 1),
(503, '2022-04-13 15:00:01', '2022-04-13 19:52:17', 1, 1, 4, 34, 1),
(504, '2022-04-13 14:56:44', '2022-04-13 19:49:52', 1, 1, 4, 26, 1),
(505, '2022-04-13 15:00:41', '2022-04-13 19:50:15', 1, 1, 4, 14, 1),
(506, '2022-04-13 15:00:46', '2022-04-13 19:50:11', 1, 1, 4, 10, 1),
(507, '2022-04-13 15:02:08', '2022-04-13 19:50:34', 1, 1, 4, 24, 1),
(508, '2022-04-13 15:10:58', '2022-04-13 19:49:54', 1, 1, 4, 27, 1),
(509, '2022-04-13 15:11:25', '2022-04-13 19:50:51', 1, 1, 4, 6, 1),
(510, '2022-04-13 15:21:42', '2022-04-13 19:50:03', 1, 1, 4, 31, 1),
(511, '2022-04-13 15:22:33', '2022-04-13 18:47:45', 1, 1, 4, 32, 1),
(512, '2022-04-13 15:25:49', '2022-04-13 19:51:04', 1, 1, 4, 21, 1),
(513, '2022-04-13 15:33:21', '2022-04-13 19:48:42', 1, 1, 4, 17, 1),
(514, '2022-04-13 15:58:09', '2022-04-13 19:49:54', 1, 1, 4, 23, 1),
(515, '2022-04-13 16:34:44', '2022-04-13 19:50:01', 1, 1, 4, 7, 1),
(516, '2022-04-13 16:51:19', '2022-04-13 19:50:14', 1, 1, 4, 1, 1),
(517, '2022-04-13 16:52:36', '2022-04-13 19:49:51', 1, 1, 4, 30, 1),
(518, '2022-04-13 17:04:29', '2022-04-13 19:50:35', 1, 1, 4, 3, 1),
(519, '2022-04-13 17:24:52', '2022-04-13 19:45:32', 1, 1, 4, 12, 1),
(520, '2022-04-13 17:34:48', '2022-04-13 19:49:57', 1, 1, 4, 4, 1),
(521, '2022-04-13 17:43:12', '2022-04-13 19:28:31', 1, 1, 4, 15, 1),
(522, '2022-04-13 17:44:17', '2022-04-13 19:50:20', 1, 1, 4, 11, 1),
(523, '2022-04-13 17:45:36', '2022-04-13 19:49:57', 1, 1, 4, 35, 1),
(524, '2022-04-13 17:49:15', '2022-04-13 19:51:59', 1, 1, 4, 33, 1),
(525, '2022-04-13 17:58:02', '2022-04-13 19:54:14', 1, 1, 4, 13, 1),
(526, '2022-04-13 17:58:52', '2022-04-13 19:49:22', 1, 1, 4, 22, 1),
(527, '2022-04-13 18:05:55', '2022-04-13 19:50:08', 1, 1, 4, 16, 1),
(528, '2022-04-13 18:09:34', '2022-04-13 19:55:05', 1, 1, 4, 19, 1),
(529, '2022-04-13 18:10:54', '2022-04-13 19:50:23', 1, 1, 4, 20, 1),
(530, '2022-04-13 18:33:44', '2022-04-13 19:49:55', 1, 1, 4, 29, 1),
(531, '2022-04-18 15:04:35', '2022-04-18 19:56:11', 1, 1, 4, 14, 1),
(532, '2022-04-18 15:11:29', '2022-04-18 19:54:22', 1, 1, 4, 33, 1),
(533, '2022-04-18 15:12:26', '2022-04-18 20:03:58', 1, 1, 4, 34, 1),
(534, '2022-04-18 15:14:33', '2022-04-18 19:53:54', 1, 1, 4, 1, 1),
(535, '2022-04-18 15:17:01', '2022-04-18 20:00:51', 1, 1, 4, 28, 1),
(536, '2022-04-18 15:17:55', '2022-04-18 20:00:38', 1, 1, 4, 26, 1),
(537, '2022-04-18 15:23:34', '2022-04-18 19:55:21', 1, 1, 4, 24, 1),
(538, '2022-04-18 15:24:28', '2022-04-18 19:59:42', 1, 1, 4, 10, 1),
(539, '2022-04-18 15:31:56', '2022-04-18 19:59:48', 1, 1, 4, 29, 1),
(540, '2022-04-18 15:41:13', '2022-04-18 19:55:40', 1, 1, 4, 17, 1),
(541, '2022-04-18 15:52:17', '2022-04-18 19:59:19', 1, 1, 4, 6, 1),
(542, '2022-04-18 15:52:31', '2022-04-18 20:05:13', 1, 1, 4, 12, 1),
(543, '2022-04-18 15:54:08', '2022-04-18 20:01:05', 1, 1, 4, 21, 1),
(544, '2022-04-18 15:58:22', '2022-04-18 19:59:23', 1, 1, 4, 27, 1),
(545, '2022-04-18 16:29:03', '2022-04-18 19:59:54', 1, 1, 4, 31, 1),
(546, '2022-04-18 16:41:23', '2022-04-18 19:59:19', 1, 1, 4, 7, 1),
(547, '2022-04-18 16:41:28', '2022-04-18 19:59:40', 1, 1, 4, 23, 1),
(548, '2022-04-18 16:43:45', '2022-04-18 20:02:05', 1, 1, 4, 20, 1),
(549, '2022-04-18 16:44:04', '2022-04-18 19:53:58', 1, 1, 4, 32, 1),
(550, '2022-04-18 16:57:55', '2022-04-18 19:59:33', 1, 1, 4, 3, 1),
(551, '2022-04-18 17:32:39', '2022-04-18 19:41:40', 1, 1, 4, 35, 1),
(552, '2022-04-18 17:32:49', '2022-04-18 20:00:49', 1, 1, 4, 15, 1),
(553, '2022-04-18 17:39:16', '2022-04-18 19:59:55', 1, 1, 4, 22, 1),
(554, '2022-04-18 17:42:32', '2022-04-18 19:59:36', 1, 1, 4, 4, 1),
(555, '2022-04-18 17:48:46', '2022-04-18 20:00:02', 1, 1, 4, 16, 1),
(556, '2022-04-18 18:00:42', '2022-04-18 20:00:21', 1, 1, 4, 30, 1),
(557, '2022-04-18 18:12:15', '2022-04-18 20:01:59', 1, 1, 4, 19, 1),
(558, '2022-04-19 15:03:56', '2022-04-19 20:00:22', 1, 1, 4, 10, 1),
(559, '2022-04-19 15:04:06', '2022-04-19 20:00:20', 1, 1, 4, 26, 1),
(560, '2022-04-19 15:05:53', '2022-04-19 17:01:58', 1, 1, 4, 28, 1),
(561, '2022-04-19 15:21:32', '2022-04-19 20:01:41', 1, 1, 4, 34, 1),
(562, '2022-04-19 15:29:11', '2022-04-19 19:57:01', 1, 1, 4, 17, 1),
(563, '2022-04-19 15:00:02', '2022-04-19 20:01:25', 1, 1, 4, 6, 1),
(564, '2022-04-19 15:16:30', '2022-04-19 19:59:20', 1, 1, 4, 27, 1),
(565, '2022-04-19 15:51:04', '2022-04-19 19:57:57', 1, 1, 4, 31, 1),
(566, '2022-04-19 15:55:26', '2022-04-19 20:02:36', 1, 1, 4, 12, 1),
(567, '2022-04-19 16:06:00', '2022-04-19 20:01:12', 1, 1, 4, 21, 1),
(568, '2022-04-19 16:06:27', '2022-04-19 20:00:36', 1, 1, 4, 14, 1),
(569, '2022-04-19 16:19:52', '2022-04-19 20:01:10', 1, 1, 4, 1, 1),
(570, '2022-04-19 16:33:02', '2022-04-19 19:12:56', 1, 1, 4, 32, 1),
(571, '2022-04-19 16:33:25', '2022-04-19 20:00:19', 1, 1, 4, 23, 1),
(572, '2022-04-19 16:43:50', '2022-04-19 20:03:02', 1, 1, 4, 13, 1),
(573, '2022-04-19 16:45:36', '2022-04-19 20:00:14', 1, 1, 4, 24, 1),
(574, '2022-04-19 16:47:33', '2022-04-19 19:59:19', 1, 1, 4, 7, 1),
(575, '2022-04-19 17:00:27', '2022-04-19 20:00:36', 1, 1, 4, 29, 1),
(576, '2022-04-19 17:17:32', '2022-04-19 19:59:41', 1, 1, 4, 3, 1),
(577, '2022-04-19 17:23:55', '2022-04-19 20:00:47', 1, 1, 4, 20, 1),
(578, '2022-04-19 17:37:45', '2022-04-19 19:57:05', 1, 1, 4, 15, 1),
(579, '2022-04-19 17:38:13', '2022-04-19 19:54:57', 1, 1, 4, 35, 1),
(580, '2022-04-19 17:42:27', '2022-04-19 20:01:37', 1, 1, 4, 9, 1),
(581, '2022-04-19 17:42:50', '2022-04-19 20:02:03', 1, 1, 4, 16, 1),
(582, '2022-04-19 17:52:17', '2022-04-19 20:00:41', 1, 1, 4, 4, 1),
(583, '2022-04-19 17:54:33', '2022-04-19 19:57:11', 1, 1, 4, 30, 1),
(584, '2022-04-19 17:59:44', '2022-04-19 20:00:55', 1, 1, 4, 22, 1),
(585, '2022-04-19 18:04:29', '2022-04-19 20:02:12', 1, 1, 4, 33, 1),
(586, '2022-04-19 18:17:27', '2022-04-19 20:04:23', 1, 1, 4, 19, 1),
(587, '2022-04-19 18:00:00', '2022-04-19 18:30:00', 1, 1, 4, 11, 1),
(588, '2022-04-20 15:00:28', '2022-04-20 19:56:59', 1, 1, 4, 6, 1),
(589, '2022-04-20 15:15:20', '2022-04-20 19:51:13', 1, 1, 4, 27, 1),
(590, '2022-04-20 15:16:00', '2022-04-20 19:54:32', 1, 1, 4, 31, 1),
(591, '2022-04-20 15:21:28', '2022-04-20 19:53:05', 1, 1, 4, 10, 1),
(592, '2022-04-20 15:23:48', '2022-04-20 19:55:33', 1, 1, 4, 14, 1),
(593, '2022-04-20 15:42:13', '2022-04-20 19:52:46', 1, 1, 4, 24, 1),
(594, '2022-04-20 15:42:40', '2022-04-20 20:06:48', 1, 1, 4, 34, 1),
(595, '2022-04-20 15:44:43', '2022-04-20 20:07:17', 1, 1, 4, 21, 1),
(596, '2022-04-20 15:44:53', '2022-04-20 19:53:40', 1, 1, 4, 26, 1),
(597, '2022-04-20 15:47:58', '2022-04-20 20:04:31', 1, 1, 4, 28, 1),
(598, '2022-04-20 15:51:38', '2022-04-20 19:53:15', 1, 1, 4, 32, 1),
(599, '2022-04-20 15:55:20', '2022-04-20 19:52:36', 1, 1, 4, 17, 1),
(600, '2022-04-20 15:56:15', '2022-04-20 19:56:08', 1, 1, 4, 29, 1),
(601, '2022-04-20 15:57:52', '2022-04-20 19:54:17', 1, 1, 4, 23, 1),
(602, '2022-04-20 16:06:54', '2022-04-20 19:58:00', 1, 1, 4, 33, 1),
(603, '2022-04-20 16:39:18', '2022-04-20 19:53:13', 1, 1, 4, 3, 1),
(604, '2022-04-20 16:55:35', '2022-04-20 19:53:28', 1, 1, 4, 13, 1),
(605, '2022-04-20 17:13:52', '2022-04-20 19:51:48', 1, 1, 4, 30, 1),
(606, '2022-04-20 17:29:31', '2022-04-20 19:50:06', 1, 1, 4, 15, 1),
(607, '2022-04-20 17:40:31', '2022-04-20 19:52:27', 1, 1, 4, 16, 1),
(608, '2022-04-20 17:42:24', '2022-04-20 19:26:20', 1, 1, 4, 35, 1),
(609, '2022-04-20 17:50:08', '2022-04-20 19:53:19', 1, 1, 4, 4, 1),
(610, '2022-04-20 17:56:22', '2022-04-20 18:56:22', 1, 1, 4, 11, 1),
(611, '2022-04-20 17:56:57', '2022-04-20 20:03:33', 1, 1, 4, 22, 1),
(612, '2022-04-20 18:08:24', '2022-04-20 19:54:14', 1, 1, 4, 1, 1),
(613, '2022-04-20 18:21:21', '2022-04-20 20:01:36', 1, 1, 4, 12, 1),
(614, '2022-04-20 18:25:22', '2022-04-20 19:53:15', 1, 1, 4, 7, 1),
(615, '2022-04-26 15:03:08', '2022-04-26 20:10:43', 1, 1, 5, 6, 1),
(616, '2022-04-26 15:13:10', '2022-04-26 20:10:12', 1, 1, 5, 26, 1),
(617, '2022-04-26 15:00:00', '2022-04-26 20:03:12', 1, 1, 5, 31, 1),
(618, '2022-04-26 15:19:53', '2022-04-26 20:20:04', 1, 1, 5, 34, 1),
(619, '2022-04-26 15:30:25', '2022-04-26 19:10:38', 1, 1, 5, 32, 1),
(620, '2022-04-26 15:33:22', '2022-04-26 20:10:13', 1, 1, 5, 21, 1),
(621, '2022-04-26 15:35:03', '2022-04-26 20:11:12', 1, 1, 5, 17, 1),
(622, '2022-04-26 15:53:17', '2022-04-26 20:10:23', 1, 1, 5, 14, 1),
(623, '2022-04-26 16:00:21', '2022-04-26 20:08:09', 1, 1, 5, 12, 1),
(624, '2022-04-26 16:10:07', '2022-04-26 20:13:10', 1, 1, 5, 28, 1),
(625, '2022-04-25 15:00:00', '2022-04-25 20:00:00', 1, 1, 5, 1, 1),
(626, '2022-04-25 15:00:00', '2022-04-25 20:00:00', 1, 1, 5, 3, 1),
(627, '2022-04-25 15:00:00', '2022-04-25 20:00:00', 1, 1, 5, 4, 1),
(628, '2022-04-25 15:00:00', '2022-04-25 20:00:00', 1, 1, 5, 6, 1),
(629, '2022-04-25 15:00:00', '2022-04-25 20:00:00', 1, 1, 5, 7, 1),
(630, '2022-04-25 17:10:00', '2022-04-25 19:10:48', 1, 1, 5, 9, 1),
(631, '2022-04-25 15:00:00', '2022-04-25 20:00:00', 1, 1, 5, 11, 1),
(632, '2022-04-25 15:00:00', '2022-04-25 20:00:00', 1, 1, 5, 12, 1),
(633, '2022-04-25 15:00:00', '2022-04-25 20:00:00', 1, 1, 5, 13, 1),
(634, '2022-04-25 15:00:00', '2022-04-25 20:00:00', 1, 1, 5, 14, 1),
(635, '2022-04-25 15:00:00', '2022-04-25 20:00:00', 1, 1, 5, 16, 1),
(636, '2022-04-25 15:00:00', '2022-04-25 20:00:00', 1, 1, 5, 17, 1),
(637, '2022-04-25 15:00:00', '2022-04-25 20:00:00', 1, 1, 5, 20, 1),
(638, '2022-04-25 15:00:00', '2022-04-25 20:00:00', 1, 1, 5, 21, 1),
(639, '2022-04-25 15:00:00', '2022-04-25 20:00:00', 1, 1, 5, 22, 1),
(640, '2022-04-25 15:00:00', '2022-04-25 20:00:00', 1, 1, 5, 26, 1),
(641, '2022-04-25 15:00:00', '2022-04-25 20:00:00', 1, 1, 5, 28, 1),
(642, '2022-04-25 15:00:00', '2022-04-25 20:00:00', 1, 1, 5, 29, 1),
(643, '2022-04-25 15:00:00', '2022-04-25 20:00:00', 1, 1, 5, 31, 1),
(644, '2022-04-25 15:00:00', '2022-04-25 20:00:00', 1, 1, 5, 32, 1),
(645, '2022-04-25 15:00:00', '2022-04-25 20:00:00', 1, 1, 5, 34, 1),
(646, '2022-04-25 15:00:00', '2022-04-25 20:00:00', 1, 1, 5, 35, 1),
(647, '2022-04-26 16:26:31', '2022-04-26 20:09:57', 1, 1, 5, 23, 1),
(648, '2022-04-26 16:47:13', '2022-04-26 20:07:38', 1, 1, 5, 20, 1),
(649, '2022-04-26 16:50:45', '2022-04-26 20:06:34', 1, 1, 5, 7, 1),
(650, '2022-04-26 16:53:52', '2022-04-26 20:11:01', 1, 1, 5, 30, 1),
(651, '2022-04-26 17:03:26', '2022-04-26 20:04:05', 1, 1, 5, 3, 1),
(652, '2022-04-26 17:05:08', '2022-04-26 20:10:59', 1, 1, 5, 1, 1),
(653, '2022-04-26 17:07:45', '2022-04-26 20:10:11', 1, 1, 5, 29, 1),
(654, '2022-04-26 17:07:53', '2022-04-26 20:10:30', 1, 1, 5, 24, 1),
(655, '2022-04-26 17:08:49', '2022-04-26 20:11:17', 1, 1, 5, 10, 1),
(656, '2022-04-26 17:12:51', '2022-04-26 20:17:26', 1, 1, 5, 33, 1),
(657, '2022-04-26 17:24:51', '2022-04-26 20:12:52', 1, 1, 5, 15, 1),
(658, '2022-04-26 17:25:10', '2022-04-26 19:57:23', 1, 1, 5, 27, 1),
(659, '2022-04-26 17:37:56', '2022-04-26 20:12:09', 1, 1, 5, 22, 1),
(660, '2022-04-26 17:38:53', '2022-04-26 19:51:37', 1, 1, 5, 35, 1),
(661, '2022-04-26 17:41:12', '2022-04-26 20:10:25', 1, 1, 5, 13, 1),
(662, '2022-04-26 17:43:14', '2022-04-26 20:12:21', 1, 1, 5, 16, 1),
(663, '2022-04-26 18:39:58', '2022-04-26 20:06:17', 1, 1, 5, 11, 1),
(664, '2022-04-25 17:00:00', '2022-04-25 17:00:00', 1, 1, 5, 19, 1),
(665, '2022-04-27 15:00:07', '2022-04-27 20:07:27', 1, 1, 5, 6, 1),
(666, '2022-04-27 15:00:21', '2022-04-27 20:07:16', 1, 1, 5, 23, 1),
(667, '2022-04-27 15:01:10', '2022-04-27 20:07:08', 1, 1, 5, 31, 1),
(668, '2022-04-27 15:22:00', '2022-04-27 20:07:13', 1, 1, 5, 32, 1),
(669, '2022-04-27 15:29:58', '2022-04-27 20:04:40', 1, 1, 5, 34, 1),
(670, '2022-04-27 15:29:38', '2022-04-27 20:09:13', 1, 1, 5, 28, 1),
(671, '2022-04-27 15:30:19', '2022-04-27 20:10:06', 1, 1, 5, 14, 1),
(672, '2022-04-27 15:32:22', '2022-04-27 20:08:35', 1, 1, 5, 10, 1),
(673, '2022-04-27 15:32:40', '2022-04-27 20:07:07', 1, 1, 5, 27, 1),
(674, '2022-04-27 15:33:42', '2022-04-27 20:06:53', 1, 1, 5, 26, 1),
(675, '2022-04-27 15:47:10', '2022-04-27 20:08:00', 1, 1, 5, 21, 1),
(676, '2022-04-25 17:00:20', '2022-04-25 20:20:20', 1, 1, 5, 23, 1),
(677, '2022-04-27 15:57:47', '2022-04-27 20:07:27', 1, 1, 5, 24, 1),
(678, '2022-04-27 15:58:02', '2022-04-27 19:07:39', 1, 1, 5, 30, 1),
(679, '2022-03-10 17:00:00', '2022-03-10 19:30:00', 1, 1, 3, 1, 1),
(680, '2022-03-11 17:00:00', '2022-03-11 19:30:00', 1, 1, 3, 1, 1),
(681, '2022-03-14 17:00:00', '2022-03-14 19:30:00', 1, 1, 3, 1, 1),
(682, '2022-03-15 17:00:00', '2022-03-15 19:30:00', 1, 1, 3, 1, 1),
(683, '2022-03-16 17:00:00', '2022-03-16 19:30:00', 1, 1, 3, 1, 1),
(684, '2022-03-17 17:00:00', '2022-03-17 19:30:00', 1, 1, 3, 1, 1),
(685, '2022-03-18 17:00:00', '2022-03-18 19:30:00', 1, 1, 3, 1, 1),
(686, '2022-03-10 17:00:00', '2022-03-10 19:30:00', 1, 1, 3, 3, 1),
(687, '2022-03-11 17:00:00', '2022-03-11 19:30:00', 1, 1, 3, 3, 1),
(688, '2022-03-14 17:00:00', '2022-03-14 19:30:00', 1, 1, 3, 3, 1),
(689, '2022-03-15 17:00:00', '2022-03-15 19:30:00', 1, 1, 3, 3, 1),
(690, '2022-03-16 17:00:00', '2022-03-16 19:30:00', 1, 1, 3, 3, 1),
(691, '2022-03-17 17:00:00', '2022-03-17 19:30:00', 1, 1, 3, 3, 1),
(692, '2022-03-18 17:00:00', '2022-03-18 19:30:00', 1, 1, 3, 3, 1),
(693, '2022-03-10 17:00:00', '2022-03-10 19:30:00', 1, 1, 3, 4, 1),
(694, '2022-03-11 17:00:00', '2022-03-11 19:30:00', 1, 1, 3, 4, 1),
(695, '2022-03-14 17:00:00', '2022-03-14 19:30:00', 1, 1, 3, 4, 1),
(696, '2022-03-15 17:00:00', '2022-03-15 19:30:00', 1, 1, 3, 4, 1),
(697, '2022-03-16 17:00:00', '2022-03-16 19:30:00', 1, 1, 3, 4, 1),
(698, '2022-03-17 17:00:00', '2022-03-17 19:30:00', 1, 1, 3, 4, 1),
(699, '2022-03-18 17:00:00', '2022-03-18 19:30:00', 1, 1, 3, 4, 1),
(700, '2022-03-10 17:00:00', '2022-03-10 19:30:00', 1, 1, 3, 5, 1),
(701, '2022-03-11 17:00:00', '2022-03-11 19:30:00', 1, 1, 3, 5, 1),
(702, '2022-03-15 17:00:00', '2022-03-15 19:30:00', 1, 1, 3, 5, 1),
(703, '2022-03-10 17:00:00', '2022-03-10 19:30:00', 1, 1, 3, 6, 1),
(704, '2022-03-11 17:00:00', '2022-03-11 19:30:00', 1, 1, 3, 6, 1),
(705, '2022-03-14 17:00:00', '2022-03-14 19:30:00', 1, 1, 3, 6, 1),
(706, '2022-03-15 17:00:00', '2022-03-15 19:30:00', 1, 1, 3, 6, 1),
(707, '2022-03-16 17:00:00', '2022-03-16 19:30:00', 1, 1, 3, 6, 1),
(708, '2022-03-17 17:00:00', '2022-03-17 19:30:00', 1, 1, 3, 6, 1),
(709, '2022-03-18 17:00:00', '2022-03-18 19:30:00', 1, 1, 3, 6, 1),
(710, '2022-03-10 17:00:00', '2022-03-10 19:30:00', 1, 1, 3, 7, 1),
(711, '2022-03-11 17:00:00', '2022-03-11 19:30:00', 1, 1, 3, 7, 1),
(712, '2022-03-15 17:00:00', '2022-03-15 19:30:00', 1, 1, 3, 7, 1),
(713, '2022-03-16 17:00:00', '2022-03-16 19:30:00', 1, 1, 3, 7, 1),
(714, '2022-03-17 17:00:00', '2022-03-17 19:30:00', 1, 1, 3, 7, 1),
(715, '2022-03-18 17:00:00', '2022-03-18 19:30:00', 1, 1, 3, 7, 1),
(716, '2022-03-10 17:00:00', '2022-03-10 19:30:00', 1, 1, 3, 8, 1),
(717, '2022-03-11 17:00:00', '2022-03-11 19:30:00', 1, 1, 3, 8, 1),
(718, '2022-03-15 17:00:00', '2022-03-15 19:30:00', 1, 1, 3, 8, 1),
(719, '2022-03-16 17:00:00', '2022-03-16 19:30:00', 1, 1, 3, 8, 1),
(720, '2022-03-17 17:00:00', '2022-03-17 19:30:00', 1, 1, 3, 8, 1),
(721, '2022-03-18 17:00:00', '2022-03-18 19:30:00', 1, 1, 3, 8, 1),
(722, '2022-03-10 17:00:00', '2022-03-10 19:30:00', 1, 1, 3, 9, 1),
(723, '2022-03-11 17:00:00', '2022-03-11 19:30:00', 1, 1, 3, 9, 1),
(724, '2022-03-14 17:00:00', '2022-03-14 19:30:00', 1, 1, 3, 9, 1),
(725, '2022-03-15 17:00:00', '2022-03-15 19:30:00', 1, 1, 3, 9, 1),
(726, '2022-03-16 17:00:00', '2022-03-16 19:30:00', 1, 1, 3, 9, 1),
(727, '2022-03-17 17:00:00', '2022-03-17 19:30:00', 1, 1, 3, 9, 1),
(728, '2022-03-18 17:00:00', '2022-03-18 19:30:00', 1, 1, 3, 9, 1),
(729, '2022-03-10 17:00:00', '2022-03-10 19:30:00', 1, 1, 3, 10, 1),
(730, '2022-03-11 17:00:00', '2022-03-11 19:30:00', 1, 1, 3, 10, 1),
(731, '2022-03-14 17:00:00', '2022-03-14 19:30:00', 1, 1, 3, 10, 1),
(732, '2022-03-15 17:00:00', '2022-03-15 19:30:00', 1, 1, 3, 10, 1),
(733, '2022-03-16 17:00:00', '2022-03-16 19:30:00', 1, 1, 3, 10, 1),
(734, '2022-03-17 17:00:00', '2022-03-17 19:30:00', 1, 1, 3, 10, 1),
(735, '2022-03-18 17:00:00', '2022-03-18 19:30:00', 1, 1, 3, 10, 1),
(736, '2022-03-10 17:00:00', '2022-03-10 19:30:00', 1, 1, 3, 11, 1),
(737, '2022-03-11 17:00:00', '2022-03-11 19:30:00', 1, 1, 3, 11, 1),
(738, '2022-03-14 17:00:00', '2022-03-14 19:30:00', 1, 1, 3, 11, 1),
(739, '2022-03-15 17:00:00', '2022-03-15 19:30:00', 1, 1, 3, 11, 1),
(740, '2022-03-16 17:00:00', '2022-03-16 19:30:00', 1, 1, 3, 11, 1),
(741, '2022-03-17 17:00:00', '2022-03-17 19:30:00', 1, 1, 3, 11, 1),
(742, '2022-03-18 17:00:00', '2022-03-18 19:30:00', 1, 1, 3, 11, 1),
(743, '2022-03-10 17:00:00', '2022-03-10 19:30:00', 1, 1, 3, 12, 1),
(744, '2022-03-11 17:00:00', '2022-03-11 19:30:00', 1, 1, 3, 12, 1),
(745, '2022-03-14 17:00:00', '2022-03-14 19:30:00', 1, 1, 3, 12, 1),
(746, '2022-03-15 17:00:00', '2022-03-15 19:30:00', 1, 1, 3, 12, 1),
(747, '2022-03-10 17:00:00', '2022-03-10 19:30:00', 1, 1, 3, 13, 1),
(748, '2022-03-11 17:00:00', '2022-03-11 19:30:00', 1, 1, 3, 13, 1);
-- INSERT INTO `status_equipment` (`status_equipment_id`,`status_equipment_name`) VALUES (1,'Em Uso');
-- INSERT INTO `equipment` (`equipment_id`,`equipment_name`, `equipment_description`, `equipment_identifier`, `equipment_status_equipment_fk`, `equipment_training_fk`) VALUES (1,'Notebook Avell', 'Notebook Avell intel core i7', 'Equipamento 14', '1', '1');



SET SESSION FOREIGN_KEY_CHECKS=1;

